Workbook
Name IDX: 'Comparison (Coverages)'!#REF!
Name IDX: 'gee vs genmod'!$A$46

Sheet Comparison (Coverages)
A1: SAMPLEMISS_1 - SAMPLEMISS_100 [NOMISS_V3]
A2: [PROC GEE][IND CORR][NO MI][NRadjClass][NOMISS V3][bghhsub_s2_v3_nr]
A3: Effect | B3: True Value | C3: Estimate | D3: Empirical Bias | E3: Relative Bias | F3: Empirical SE | G3: Estimated SE | H3: Relative SE difference | I3: Coverage | J3: P(reject H0)
A4: Intercept | B4: 107.0774 | C4: 107.0471 | D4: -0.03033 | E4: -0.000283 | F4: 2.9796 | G4: 2.9681 | H4: -0.003858 | I4: 0.97 | J4: 1
A5: age_strat_new | B5: -4.7686 | C5: -4.9159 | D5: -0.14724 | E5: 0.030877 | F5: 1.1843 | G5: 1.2117 | H5: 0.023085 | I5: 0.94 | J5: 0.95
A6: x12 | B6: 8.6967 | C6: 8.6256 | D6: -0.07107 | E6: -0.008172 | F6: 0.7408 | G6: 0.6923 | H6: -0.065511 | I6: 0.93 | J6: 1
A7: x17 | B7: -1.6103 | C7: -1.5361 | D7: 0.0742 | E7: -0.046077 | F7: 0.6952 | G7: 0.7363 | H7: 0.058994 | I7: 0.96 | J7: 0.57
A8: x18 | B8: -7.9152 | C8: -8.008 | D8: -0.09281 | E8: 0.011725 | F8: 0.9426 | G8: 0.9013 | H8: -0.043766 | I8: 0.97 | J8: 1
A9: x6 | B9: 5.8681 | C9: 5.87 | D9: 0.00186 | E9: 0.000317 | F9: 0.0492 | G9: 0.0539 | H9: 0.094943 | I9: 0.95 | J9: 1
A10: y_bmi | B10: 0.0284 | C10: 0.0271 | D10: -0.00133 | E10: -0.046859 | F10: 0.0369 | G10: 0.0347 | H10: -0.059184 | I10: 0.95 | J10: 0.15
A12: [PROC GENMOD][IND CORR][NO MI][NRadjClass][NOMISS V3][bghhsub_s2_v3_nr]
A13: Effect | B13: True Value | C13: Estimate | D13: Empirical Bias | E13: Relative Bias | F13: Empirical SE | G13: Estimated SE | H13: Relative SE difference | I13: Coverage | J13: P(reject H0)
A14: Intercept | B14: 107.0774 | C14: 107.0471 | D14: -0.03033 | E14: -0.000283 | F14: 2.9796 | G14: 2.9681 | H14: -0.003858 | I14: 0.97 | J14: 1
A15: age_strat_new | B15: -4.7686 | C15: -4.9159 | D15: -0.14724 | E15: 0.030877 | F15: 1.1843 | G15: 1.2117 | H15: 0.023085 | I15: 0.94 | J15: 0.95
A16: x12 | B16: 8.6967 | C16: 8.6256 | D16: -0.07107 | E16: -0.008172 | F16: 0.7408 | G16: 0.6923 | H16: -0.065511 | I16: 0.93 | J16: 1
A17: x17 | B17: -1.6103 | C17: -1.5361 | D17: 0.0742 | E17: -0.046077 | F17: 0.6952 | G17: 0.7363 | H17: 0.058994 | I17: 0.96 | J17: 0.57
A18: x18 | B18: -7.9152 | C18: -8.008 | D18: -0.09281 | E18: 0.011725 | F18: 0.9426 | G18: 0.9013 | H18: -0.043766 | I18: 0.97 | J18: 1
A19: x6 | B19: 5.8681 | C19: 5.87 | D19: 0.00186 | E19: 0.000317 | F19: 0.0492 | G19: 0.0539 | H19: 0.094943 | I19: 0.95 | J19: 1
A20: y_bmi | B20: 0.0284 | C20: 0.0271 | D20: -0.00133 | E20: -0.046859 | F20: 0.0369 | G20: 0.0347 | H20: -0.059184 | I20: 0.95 | J20: 0.15

Sheet Coverages
B1: GEE-Based True Values (SAMPLEMISS_1 - SAMPLEMISS_1000) | X1: SUDAAN-Based True Values (SAMPLEMISS_1 - SAMPLEMISS_1000)
B2: [IND CORR] | M2: [EXCH CORR] | X2: [IND CORR] | AI2: [EXCH CORR]
A3: [MI] | B3: [PROC GENMOD][IND CORR][MI][Logistic RR][bghhsub_s2] | M3: [PROC GENMOD][EXCH CORR][MI][Logistic RR][bghhsub_s2] | X3: [PROC GENMOD][IND CORR][MI][Logistic RR][bghhsub_s2][SUDAAN TRUE] | AI3: [PROC GENMOD][EXCH CORR][MI][Logistic RR][bghhsub_s2][SUDAAN TRUE] | AS3: [MI] | AU3: 1
B4: Effect | C4: True Value | D4: Estimate | E4: Empirical Bias | F4: Relative Bias | G4: Empirical SE | H4: Estimated SE | I4: Relative SE difference | J4: Coverage | K4: P(reject H0) | M4: Effect | N4: True Value | O4: Estimate | P4: Empirical Bias | Q4: Relative Bias | R4: Empirical SE | S4: Estimated SE | T4: Relative SE difference | U4: Coverage | V4: P(reject H0) | X4: Effect | Y4: True Value | Z4: Estimate | AA4: Empirical Bias | AB4: Relative Bias | AC4: Empirical SE | AD4: Estimated SE | AE4: Relative SE difference | AF4: Coverage | AG4: P(reject H0) | AI4: Effect | AJ4: True Value | AK4: Estimate | AL4: Empirical Bias | AM4: Relative Bias | AN4: Empirical SE | AO4: Estimated SE | AP4: Relative SE difference | AQ4: Coverage | AR4: P(reject H0) | AU4: IPW weights in MI step
B5: Intercept | C5: 107.0774 | D5: 106.93137 | E5: -0.14604 | F5: -0.00136 | G5: 1.972643 | H5: 2.049606 | I5: 0.039015 | J5: 0.96 | K5: 0 | M5: Intercept | N5: 105.9799 | O5: 107.12438 | P5: 1.14444 | Q5: 0.0108 | R5: 2.070067 | S5: 2.139845 | T5: 0.03371 | U5: 0.929 | V5: 0 | X5: Intercept | Y5: 107.08 | Z5: 106.93137 | AA5: -0.14604 | AB5: -0.00136 | AC5: 1.972643 | AD5: 2.049606 | AE5: 0.039015 | AF5: 0.96 | AG5: 0 | AI5: Intercept | AJ5: 106.81 | AK5: 107.12438 | AL5: 0.31193 | AM5: 0.00292 | AN5: 2.070067 | AO5: 2.139845 | AP5: 0.03371 | AQ5: 0.956 | AR5: 0 | AU5: V1 weights in fitting step
B6: age_strat_new | C6: -4.7686 | D6: -4.902213 | E6: -0.13357 | F6: 0.02801 | G6: 0.750303 | H6: 0.787318 | I6: 0.049333 | J6: 0.955 | K6: 0 | M6: age_strat_new | N6: -5.1666 | O6: -4.846042 | P6: 0.32053 | Q6: -0.06204 | R6: 0.819816 | S6: 0.858604 | T6: 0.04731 | U6: 0.951 | V6: 0 | X6: age_strat_new | Y6: -4.77 | Z6: -4.902213 | AA6: -0.13357 | AB6: 0.02801 | AC6: 0.750303 | AD6: 0.787318 | AE6: 0.049333 | AF6: 0.955 | AG6: 0 | AI6: age_strat_new | AJ6: -4.8 | AK6: -4.846042 | AL6: -0.04676 | AM6: 0.009743 | AN6: 0.819816 | AO6: 0.858604 | AP6: 0.04731 | AQ6: 0.96 | AR6: 0
B7: x12 | C7: 8.6967 | D7: 8.648262 | E7: -0.04844 | F7: -0.00557 | G7: 0.438764 | H7: 0.449743 | I7: 0.025023 | J7: 0.951 | K7: 0 | M7: x12 | N7: 8.6968 | O7: 8.665136 | P7: -0.0317 | Q7: -0.00365 | R7: 0.502496 | S7: 0.503363 | T7: 0.00172 | U7: 0.953 | V7: 0 | X7: x12 | Y7: 8.7 | Z7: 8.648262 | AA7: -0.04844 | AB7: -0.00557 | AC7: 0.438764 | AD7: 0.449743 | AE7: 0.025023 | AF7: 0.951 | AG7: 0 | AI7: x12 | AJ7: 8.7 | AK7: 8.665136 | AL7: -0.03707 | AM7: -0.00426 | AN7: 0.502496 | AO7: 0.503363 | AP7: 0.00172 | AQ7: 0.953 | AR7: 0 | AU7: IPW weights = base weights / RR
B8: x17 | C8: -1.6103 | D8: -1.505191 | E8: 0.1051 | F8: -0.06527 | G8: 0.462231 | H8: 0.48417 | I8: 0.047462 | J8: 0.961 | K8: 0 | M8: x17 | N8: -1.5934 | O8: -1.62199 | P8: -0.02856 | Q8: 0.01792 | R8: 0.496327 | S8: 0.514035 | T8: 0.03568 | U8: 0.954 | V8: 0 | X8: x17 | Y8: -1.61 | Z8: -1.505191 | AA8: 0.1051 | AB8: -0.06527 | AC8: 0.462231 | AD8: 0.48417 | AE8: 0.047462 | AF8: 0.961 | AG8: 0 | AI8: x17 | AJ8: -1.58 | AK8: -1.62199 | AL8: -0.04136 | AM8: 0.026169 | AN8: 0.496327 | AO8: 0.514035 | AP8: 0.03568 | AQ8: 0.959 | AR8: 0 | AU8: RR = visit-specific missing prob calculated from Logistic
B9: x18 | C9: -7.9152 | D9: -7.897294 | E9: 0.01788 | F9: -0.00226 | G9: 0.561621 | H9: 0.558598 | I9: -0.005382 | J9: 0.953 | K9: 0 | M9: x18 | N9: -7.9049 | O9: -7.802692 | P9: 0.1022 | Q9: -0.01293 | R9: 0.621461 | S9: 0.62462 | T9: 0.00508 | U9: 0.959 | V9: 0 | X9: x18 | Y9: -7.92 | Z9: -7.897294 | AA9: 0.01788 | AB9: -0.00226 | AC9: 0.561621 | AD9: 0.558598 | AE9: -0.005382 | AF9: 0.953 | AG9: 0 | AI9: x18 | AJ9: -7.78 | AK9: -7.802692 | AL9: -0.02626 | AM9: 0.003377 | AN9: 0.621461 | AO9: 0.62462 | AP9: 0.00508 | AQ9: 0.957 | AR9: 0
B10: x6 | C10: 5.8681 | D10: 5.864786 | E10: -0.00335 | F10: -0.00057 | G10: 0.037695 | H10: 0.039779 | I10: 0.055286 | J10: 0.968 | K10: 0 | M10: x6 | N10: 5.8287 | O10: 5.854467 | P10: 0.02581 | Q10: 0.00443 | R10: 0.036957 | S10: 0.039931 | T10: 0.08048 | U10: 0.942 | V10: 0 | X10: x6 | Y10: 5.87 | Z10: 5.864786 | AA10: -0.00335 | AB10: -0.00057 | AC10: 0.037695 | AD10: 0.039779 | AE10: 0.055286 | AF10: 0.968 | AG10: 0 | AI10: x6 | AJ10: 5.86 | AK10: 5.854467 | AL10: -0.00994 | AM10: -0.001696 | AN10: 0.036957 | AO10: 0.039931 | AP10: 0.08048 | AQ10: 0.953 | AR10: 0
B11: y_bmi | C11: 0.0284 | D11: 0.024145 | E11: -0.00427 | F11: -0.15031 | G11: 0.028681 | H11: 0.031244 | I11: 0.089373 | J11: 0.978 | K11: 0 | M11: y_bmi | N11: 0.068 | O11: 0.033685 | P11: -0.03435 | Q11: -0.5049 | R11: 0.028248 | S11: 0.031287 | T11: 0.10755 | U11: 0.859 | V11: 0 | X11: y_bmi | Y11: 0.03 | Z11: 0.024145 | AA11: -0.00427 | AB11: -0.15031 | AC11: 0.028681 | AD11: 0.031244 | AE11: 0.089373 | AF11: 0.978 | AG11: 0 | AI11: y_bmi | AJ11: 0.03 | AK11: 0.033685 | AL11: 0.00158 | AM11: 0.049112 | AN11: 0.028248 | AO11: 0.031287 | AP11: 0.10755 | AQ11: 0.976 | AR11: 0
A13: [NO MI] | B13: [PROC GENMOD][IND CORR][NO MI][Logistic RR][bghhsub_s2] | M13: [PROC GENMOD][EXCH CORR][NO MI][Logistic RR][bghhsub_s2] | X13: [PROC GENMOD][IND CORR][NO MI][Logistic RR][bghhsub_s2][SUDAAN TRUE] | AI13: [PROC GENMOD][EXCH CORR][NO MI][Logistic RR][bghhsub_s2][SUDAAN TRUE] | AS13: [NO MI] | AU13: 2
B14: Effect | C14: True Value | D14: Estimate | E14: Empirical Bias | F14: Relative Bias | G14: Empirical SE | H14: Estimated SE | I14: Relative SE difference | J14: Coverage | K14: P(reject H0) | M14: Effect | N14: True Value | O14: Estimate | P14: Empirical Bias | Q14: Relative Bias | R14: Empirical SE | S14: Estimated SE | T14: Relative SE difference | U14: Coverage | V14: P(reject H0) | X14: Effect | Y14: True Value | Z14: Estimate | AA14: Empirical Bias | AB14: Relative Bias | AC14: Empirical SE | AD14: Estimated SE | AE14: Relative SE difference | AF14: Coverage | AG14: P(reject H0) | AI14: Effect | AJ14: True Value | AK14: Estimate | AL14: Empirical Bias | AM14: Relative Bias | AN14: Empirical SE | AO14: Estimated SE | AP14: Relative SE difference | AQ14: Coverage | AR14: P(reject H0)
B15: Intercept | C15: 107.0774 | D15: 107.641 | E15: 0.5636 | F15: 0.00526 | G15: 1.9875 | H15: 2.0816 | I15: 0.047347 | J15: 0.957 | K15: 1 | M15: Intercept | N15: 105.9799 | O15: 109.2269 | P15: 3.24693 | Q15: 0.03064 | R15: 1.9894 | S15: 2.0182 | T15: 0.014509 | U15: 0.635 | V15: 1 | X15: Intercept | Y15: 107.08 | Z15: 107.641 | AA15: 0.5636 | AB15: 0.00526 | AC15: 1.9875 | AD15: 2.0816 | AE15: 0.047347 | AF15: 0.957 | AG15: 1 | AI15: Intercept | AJ15: 106.81 | AK15: 109.2269 | AL15: 2.41441 | AM15: 0.0226 | AN15: 1.9894 | AO15: 2.0182 | AP15: 0.014509 | AQ15: 0.777 | AR15: 1 | AU15: V1 weights in fitting step
B16: age_strat_new | C16: -4.7686 | D16: -4.6211 | E16: 0.14757 | F16: -0.03095 | G16: 0.7558 | H16: 0.7848 | I16: 0.03843 | J16: 0.953 | K16: 1 | M16: age_strat_new | N16: -5.1666 | O16: -4.617 | P16: 0.54961 | Q16: -0.10638 | R16: 0.8009 | S16: 0.8076 | T16: 0.008368 | U16: 0.902 | V16: 0.998 | X16: age_strat_new | Y16: -4.77 | Z16: -4.6211 | AA16: 0.14757 | AB16: -0.03095 | AC16: 0.7558 | AD16: 0.7848 | AE16: 0.03843 | AF16: 0.953 | AG16: 1 | AI16: age_strat_new | AJ16: -4.8 | AK16: -4.617 | AL16: 0.18232 | AM16: -0.03799 | AN16: 0.8009 | AO16: 0.8076 | AP16: 0.008368 | AQ16: 0.952 | AR16: 0.998
B17: x12 | C17: 8.6967 | D17: 7.0959 | E17: -1.60076 | F17: -0.18406 | G17: 0.4684 | H17: 0.4724 | I17: 0.00872 | J17: 0.073 | K17: 1 | M17: x12 | N17: 8.6968 | O17: 6.5931 | P17: -2.10375 | Q17: -0.2419 | R17: 0.5162 | S17: 0.5025 | T17: -0.026558 | U17: 0.018 | V17: 1 | X17: x12 | Y17: 8.7 | Z17: 7.0959 | AA17: -1.60076 | AB17: -0.18406 | AC17: 0.4684 | AD17: 0.4724 | AE17: 0.00872 | AF17: 0.073 | AG17: 1 | AI17: x12 | AJ17: 8.7 | AK17: 6.5931 | AL17: -2.10912 | AM17: -0.24237 | AN17: 0.5162 | AO17: 0.5025 | AP17: -0.026558 | AQ17: 0.018 | AR17: 1
B18: x17 | C18: -1.6103 | D18: -1.7574 | E18: -0.14712 | F18: 0.09137 | G18: 0.473 | H18: 0.5043 | I18: 0.066263 | J18: 0.962 | K18: 0.946 | M18: x17 | N18: -1.5934 | O18: -2.1466 | P18: -0.55313 | Q18: 0.34713 | R18: 0.4878 | S18: 0.5032 | T18: 0.031457 | U18: 0.817 | V18: 0.993 | X18: x17 | Y18: -1.61 | Z18: -1.7574 | AA18: -0.14712 | AB18: 0.09137 | AC18: 0.473 | AD18: 0.5043 | AE18: 0.066263 | AF18: 0.962 | AG18: 0.946 | AI18: x17 | AJ18: -1.58 | AK18: -2.1466 | AL18: -0.56594 | AM18: 0.35805 | AN18: 0.4878 | AO18: 0.5032 | AP18: 0.031457 | AQ18: 0.809 | AR18: 0.993
B19: x18 | C19: -7.9152 | D19: -6.3607 | E19: 1.55448 | F19: -0.19639 | G19: 0.6182 | H19: 0.6091 | I19: -0.014748 | J19: 0.278 | K19: 1 | M19: x18 | N19: -7.9049 | O19: -5.6734 | P19: 2.23152 | Q19: -0.2823 | R19: 0.6657 | S19: 0.6366 | T19: -0.043616 | U19: 0.082 | V19: 1 | X19: x18 | Y19: -7.92 | Z19: -6.3607 | AA19: 1.55448 | AB19: -0.19639 | AC19: 0.6182 | AD19: 0.6091 | AE19: -0.014748 | AF19: 0.278 | AG19: 1 | AI19: x18 | AJ19: -7.78 | AK19: -5.6734 | AL19: 2.10305 | AM19: -0.27044 | AN19: 0.6657 | AO19: 0.6366 | AP19: -0.043616 | AQ19: 0.112 | AR19: 1
B20: x6 | C20: 5.8681 | D20: 5.8629 | E20: -0.00527 | F20: -0.0009 | G20: 0.0421 | H20: 0.0418 | I20: -0.007781 | J20: 0.941 | K20: 1 | M20: x6 | N20: 5.8287 | O20: 5.9097 | P20: 0.08109 | Q20: 0.01391 | R20: 0.0379 | S20: 0.0378 | T20: -0.004139 | U20: 0.43 | V20: 1 | X20: x6 | Y20: 5.87 | Z20: 5.8629 | AA20: -0.00527 | AB20: -0.0009 | AC20: 0.0421 | AD20: 0.0418 | AE20: -0.007781 | AF20: 0.941 | AG20: 1 | AI20: x6 | AJ20: 5.86 | AK20: 5.9097 | AL20: 0.04533 | AM20: 0.00773 | AN20: 0.0379 | AO20: 0.0378 | AP20: -0.004139 | AQ20: 0.77 | AR20: 1
B21: y_bmi | C21: 0.0284 | D21: 0.0385 | E21: 0.01009 | F21: 0.35519 | G21: 0.0259 | H21: 0.0251 | I21: -0.029468 | J21: 0.926 | K21: 0.352 | M21: y_bmi | N21: 0.068 | O21: 0.048 | P21: -0.02003 | Q21: -0.29445 | R21: 0.0222 | S21: 0.0217 | T21: -0.022633 | U21: 0.833 | V21: 0.597 | X21: y_bmi | Y21: 0.03 | Z21: 0.0385 | AA21: 0.01009 | AB21: 0.35519 | AC21: 0.0259 | AD21: 0.0251 | AE21: -0.029468 | AF21: 0.926 | AG21: 0.352 | AI21: y_bmi | AJ21: 0.03 | AK21: 0.048 | AL21: 0.01589 | AM21: 0.49503 | AN21: 0.0222 | AO21: 0.0217 | AP21: -0.022633 | AQ21: 0.881 | AR21: 0.597
AU22: 2.1: use visit-level IPW weights instead of V1 weights
A23: [MI] [NOMISS V3] | B23: [PROC GENMOD][IND CORR][MI][Logistic RR][NOMISS V3][bghhsub_s2] | M23: [PROC GENMOD][EXCH CORR][MI][Logistic RR][NOMISS V3][bghhsub_s2] | X23: [PROC GENMOD][IND CORR][MI][Logistic RR][NOMISS V3][bghhsub_s2][SUDAAN TRUE] | AI23: [PROC GENMOD][EXCH CORR][MI][Logistic RR][NOMISS V3][bghhsub_s2][SUDAAN TRUE] | AS23: [MI] [NOMISS V3]
B24: Effect | C24: True Value | D24: Estimate | E24: Empirical Bias | F24: Relative Bias | G24: Empirical SE | H24: Estimated SE | I24: Relative SE difference | J24: Coverage | K24: P(reject H0) | M24: Effect | N24: True Value | O24: Estimate | P24: Empirical Bias | Q24: Relative Bias | R24: Empirical SE | S24: Estimated SE | T24: Relative SE difference | U24: Coverage | V24: P(reject H0) | X24: Effect | Y24: True Value | Z24: Estimate | AA24: Empirical Bias | AB24: Relative Bias | AC24: Empirical SE | AD24: Estimated SE | AE24: Relative SE difference | AF24: Coverage | AG24: P(reject H0) | AI24: Effect | AJ24: True Value | AK24: Estimate | AL24: Empirical Bias | AM24: Relative Bias | AN24: Empirical SE | AO24: Estimated SE | AP24: Relative SE difference | AQ24: Coverage | AR24: P(reject H0)
B25: Intercept | C25: 107.0774 | D25: 102.95711 | E25: -4.12029 | F25: -0.03848 | G25: 2.455818 | H25: 2.587164 | I25: 0.053484 | J25: 0.638 | K25: 0 | M25: Intercept | N25: 105.9799 | O25: 102.98236 | P25: -2.99757 | Q25: -0.02828 | R25: 2.651135 | S25: 2.748955 | T25: 0.036897 | U25: 0.805 | V25: 0 | X25: Intercept | Y25: 107.08 | Z25: 102.95711 | AA25: -4.12029 | AB25: -0.03848 | AC25: 2.455818 | AD25: 2.587164 | AE25: 0.053484 | AF25: 0.638 | AG25: 0 | AI25: Intercept | AJ25: 106.81 | AK25: 102.98236 | AL25: -3.83009 | AM25: -0.03586 | AN25: 2.651135 | AO25: 2.748955 | AP25: 0.036897 | AQ25: 0.703 | AR25: 0
B26: age_strat_new | C26: -4.7686 | D26: -4.218512 | E26: 0.55013 | F26: -0.11536 | G26: 0.989477 | H26: 1.023644 | I26: 0.034531 | J26: 0.929 | K26: 0 | M26: age_strat_new | N26: -5.1666 | O26: -4.160372 | P26: 1.0062 | Q26: -0.19475 | R26: 1.124162 | S26: 1.145951 | T26: 0.019383 | U26: 0.863 | V26: 0 | X26: age_strat_new | Y26: -4.77 | Z26: -4.218512 | AA26: 0.55013 | AB26: -0.11536 | AC26: 0.989477 | AD26: 1.023644 | AE26: 0.034531 | AF26: 0.929 | AG26: 0 | AI26: age_strat_new | AJ26: -4.8 | AK26: -4.160372 | AL26: 0.63891 | AM26: -0.13313 | AN26: 1.124162 | AO26: 1.145951 | AP26: 0.019383 | AQ26: 0.92 | AR26: 0
B27: x12 | C27: 8.6967 | D27: 8.547964 | E27: -0.14873 | F27: -0.0171 | G27: 0.560568 | H27: 0.561887 | I27: 0.002354 | J27: 0.948 | K27: 0 | M27: x12 | N27: 8.6968 | O27: 8.577834 | P27: -0.119 | Q27: -0.01368 | R27: 0.677665 | S27: 0.657046 | T27: -0.030426 | U27: 0.942 | V27: 0 | X27: x12 | Y27: 8.7 | Z27: 8.547964 | AA27: -0.14873 | AB27: -0.0171 | AC27: 0.560568 | AD27: 0.561887 | AE27: 0.002354 | AF27: 0.948 | AG27: 0 | AI27: x12 | AJ27: 8.7 | AK27: 8.577834 | AL27: -0.12437 | AM27: -0.01429 | AN27: 0.677665 | AO27: 0.657046 | AP27: -0.030426 | AQ27: 0.941 | AR27: 0
B28: x17 | C28: -1.6103 | D28: -1.04567 | E28: 0.56462 | F28: -0.35063 | G28: 0.571257 | H28: 0.600298 | I28: 0.050837 | J28: 0.856 | K28: 0 | M28: x17 | N28: -1.5934 | O28: -1.147678 | P28: 0.44576 | Q28: -0.27975 | R28: 0.627665 | S28: 0.637036 | T28: 0.014931 | U28: 0.89 | V28: 0 | X28: x17 | Y28: -1.61 | Z28: -1.04567 | AA28: 0.56462 | AB28: -0.35063 | AC28: 0.571257 | AD28: 0.600298 | AE28: 0.050837 | AF28: 0.856 | AG28: 0 | AI28: x17 | AJ28: -1.58 | AK28: -1.147678 | AL28: 0.43295 | AM28: -0.27391 | AN28: 0.627665 | AO28: 0.637036 | AP28: 0.014931 | AQ28: 0.893 | AR28: 0
B29: x18 | C29: -7.9152 | D29: -8.206118 | E29: -0.29094 | F29: 0.03676 | G29: 0.785912 | H29: 0.776122 | I29: -0.012458 | J29: 0.927 | K29: 0 | M29: x18 | N29: -7.9049 | O29: -8.118057 | P29: -0.21316 | Q29: 0.02697 | R29: 0.942763 | S29: 0.906104 | T29: -0.038884 | U29: 0.93 | V29: 0 | X29: x18 | Y29: -7.92 | Z29: -8.206118 | AA29: -0.29094 | AB29: 0.03676 | AC29: 0.785912 | AD29: 0.776122 | AE29: -0.012458 | AF29: 0.927 | AG29: 0 | AI29: x18 | AJ29: -7.78 | AK29: -8.118057 | AL29: -0.34163 | AM29: 0.04393 | AN29: 0.942763 | AO29: 0.906104 | AP29: -0.038884 | AQ29: 0.915 | AR29: 0
B30: x6 | C30: 5.8681 | D30: 6.048017 | E30: 0.17988 | F30: 0.03065 | G30: 0.056091 | H30: 0.05741 | I30: 0.023526 | J30: 0.134 | K30: 0 | M30: x6 | N30: 5.8287 | O30: 6.034798 | P30: 0.20614 | Q30: 0.03537 | R30: 0.058563 | S30: 0.06123 | T30: 0.045537 | U30: 0.122 | V30: 0 | X30: x6 | Y30: 5.87 | Z30: 6.048017 | AA30: 0.17988 | AB30: 0.03065 | AC30: 0.056091 | AD30: 0.05741 | AE30: 0.023526 | AF30: 0.134 | AG30: 0 | AI30: x6 | AJ30: 5.86 | AK30: 6.034798 | AL30: 0.17039 | AM30: 0.02905 | AN30: 0.058563 | AO30: 0.06123 | AP30: 0.045537 | AQ30: 0.21 | AR30: 0
B31: y_bmi | C31: 0.0284 | D31: 0.018427 | E31: -0.00999 | F31: -0.35154 | G31: 0.042598 | H31: 0.044226 | I31: 0.038208 | J31: 0.975 | K31: 0 | M31: y_bmi | N31: 0.068 | O31: 0.030219 | P31: -0.03782 | Q31: -0.55584 | R31: 0.046173 | S31: 0.047756 | T31: 0.034274 | U31: 0.919 | V31: 0 | X31: y_bmi | Y31: 0.03 | Z31: 0.018427 | AA31: -0.00999 | AB31: -0.35154 | AC31: 0.042598 | AD31: 0.044226 | AE31: 0.038208 | AF31: 0.975 | AG31: 0 | AI31: y_bmi | AJ31: 0.03 | AK31: 0.030219 | AL31: -0.00189 | AM31: -0.05883 | AN31: 0.046173 | AO31: 0.047756 | AP31: 0.034274 | AQ31: 0.979 | AR31: 0
A33: [MI] [NOMISS V3] | B33: [PROC GENMOD][IND CORR][MI][Logistic RR][NOMISS V3][bghhsub_s2_v3_nr] | M33: [PROC GENMOD][EXCH CORR][MI][Logistic RR][NOMISS V3][bghhsub_s2_v3_nr] | X33: [PROC GENMOD][IND CORR][MI][Logistic RR][NOMISS V3][bghhsub_s2_v3_nr][SUDAAN TRUE] | AI33: [PROC GENMOD][EXCH CORR][MI][Logistic RR][NOMISS V3][bghhsub_s2_v3_nr][SUDAAN TRUE] | AS33: [MI] [NOMISS V3]
B34: Effect | C34: True Value | D34: Estimate | E34: Empirical Bias | F34: Relative Bias | G34: Empirical SE | H34: Estimated SE | I34: Relative SE difference | J34: Coverage | K34: P(reject H0) | M34: Effect | N34: True Value | O34: Estimate | P34: Empirical Bias | Q34: Relative Bias | R34: Empirical SE | S34: Estimated SE | T34: Relative SE difference | U34: Coverage | V34: P(reject H0) | X34: Effect | Y34: True Value | Z34: Estimate | AA34: Empirical Bias | AB34: Relative Bias | AC34: Empirical SE | AD34: Estimated SE | AE34: Relative SE difference | AF34: Coverage | AG34: P(reject H0) | AI34: Effect | AJ34: True Value | AK34: Estimate | AL34: Empirical Bias | AM34: Relative Bias | AN34: Empirical SE | AO34: Estimated SE | AP34: Relative SE difference | AQ34: Coverage | AR34: P(reject H0) | AU34: 3
B35: Intercept | C35: 107.0774 | D35: 107.62566 | E35: 0.54825 | F35: 0.00512 | G35: 5.474822 | H35: 6.239739 | I35: 0.13972 | J35: 0.964 | K35: 0 | M35: Intercept | N35: 105.9799 | O35: 108.1874 | P35: 2.20746 | Q35: 0.02083 | R35: 6.582481 | S35: 7.564087 | T35: 0.14912 | U35: 0.935 | V35: 0 | X35: Intercept | Y35: 107.08 | Z35: 107.62566 | AA35: 0.54825 | AB35: 0.00512 | AC35: 5.474822 | AD35: 6.239739 | AE35: 0.13972 | AF35: 0.964 | AG35: 0 | AI35: Intercept | AJ35: 106.81 | AK35: 108.1874 | AL35: 1.37494 | AM35: 0.01287 | AN35: 6.582481 | AO35: 7.564087 | AP35: 0.14912 | AQ35: 0.949 | AR35: 0
B36: age_strat_new | C36: -4.7686 | D36: -4.952623 | E36: -0.18398 | F36: 0.03858 | G36: 2.262265 | H36: 2.487745 | I36: 0.09967 | J36: 0.977 | K36: 0 | M36: age_strat_new | N36: -5.1666 | O36: -4.620186 | P36: 0.54639 | Q36: -0.10575 | R36: 2.555004 | S36: 2.865338 | T36: 0.12146 | U36: 0.943 | V36: 0 | X36: age_strat_new | Y36: -4.77 | Z36: -4.952623 | AA36: -0.18398 | AB36: 0.03858 | AC36: 2.262265 | AD36: 2.487745 | AE36: 0.09967 | AF36: 0.977 | AG36: 0 | AI36: age_strat_new | AJ36: -4.8 | AK36: -4.620186 | AL36: 0.1791 | AM36: -0.03732 | AN36: 2.555004 | AO36: 2.865338 | AP36: 0.12146 | AQ36: 0.954 | AR36: 0 | AU36: V3 sample + MI (with v1, v2, v3, IPW weights) + v3 IPW weights in fitting
B37: x12 | C37: 8.6967 | D37: 8.685749 | E37: -0.01095 | F37: -0.00126 | G37: 1.063562 | H37: 1.046513 | I37: -0.01603 | J37: 0.949 | K37: 0 | M37: x12 | N37: 8.6968 | O37: 8.696905 | P37: 7e-05 | Q37: 1e-05 | R37: 1.113756 | S37: 1.087044 | T37: -0.02398 | U37: 0.952 | V37: 0 | X37: x12 | Y37: 8.7 | Z37: 8.685749 | AA37: -0.01095 | AB37: -0.00126 | AC37: 1.063562 | AD37: 1.046513 | AE37: -0.01603 | AF37: 0.949 | AG37: 0 | AI37: x12 | AJ37: 8.7 | AK37: 8.696905 | AL37: -0.0053 | AM37: -0.00061 | AN37: 1.113756 | AO37: 1.087044 | AP37: -0.02398 | AQ37: 0.953 | AR37: 0
B38: x17 | C38: -1.6103 | D38: -1.304653 | E38: 0.30564 | F38: -0.1898 | G38: 1.196427 | H38: 1.183343 | I38: -0.01094 | J38: 0.959 | K38: 0 | M38: x17 | N38: -1.5934 | O38: -1.459477 | P38: 0.13396 | Q38: -0.08407 | R38: 1.515721 | S38: 1.492094 | T38: -0.01559 | U38: 0.954 | V38: 0 | X38: x17 | Y38: -1.61 | Z38: -1.304653 | AA38: 0.30564 | AB38: -0.1898 | AC38: 1.196427 | AD38: 1.183343 | AE38: -0.01094 | AF38: 0.959 | AG38: 0 | AI38: x17 | AJ38: -1.58 | AK38: -1.459477 | AL38: 0.12115 | AM38: -0.07665 | AN38: 1.515721 | AO38: 1.492094 | AP38: -0.01559 | AQ38: 0.954 | AR38: 0
B39: x18 | C39: -7.9152 | D39: -7.698441 | E39: 0.21673 | F39: -0.02738 | G39: 1.398517 | H39: 1.398215 | I39: -0.00022 | J39: 0.95 | K39: 0 | M39: x18 | N39: -7.9049 | O39: -7.660651 | P39: 0.24424 | Q39: -0.0309 | R39: 1.504315 | S39: 1.452199 | T39: -0.03464 | U39: 0.947 | V39: 0 | X39: x18 | Y39: -7.92 | Z39: -7.698441 | AA39: 0.21673 | AB39: -0.02738 | AC39: 1.398517 | AD39: 1.398215 | AE39: -0.00022 | AF39: 0.95 | AG39: 0 | AI39: x18 | AJ39: -7.78 | AK39: -7.660651 | AL39: 0.11578 | AM39: -0.01489 | AN39: 1.504315 | AO39: 1.452199 | AP39: -0.03464 | AQ39: 0.95 | AR39: 0
B40: x6 | C40: 5.8681 | D40: 5.924767 | E40: 0.05663 | F40: 0.00965 | G40: 0.165074 | H40: 0.188522 | I40: 0.14205 | J40: 0.979 | K40: 0 | M40: x6 | N40: 5.8287 | O40: 5.914217 | P40: 0.08556 | Q40: 0.01468 | R40: 0.179016 | S40: 0.210266 | T40: 0.17456 | U40: 0.974 | V40: 0 | X40: x6 | Y40: 5.87 | Z40: 5.924767 | AA40: 0.05663 | AB40: 0.00965 | AC40: 0.165074 | AD40: 0.188522 | AE40: 0.14205 | AF40: 0.979 | AG40: 0 | AI40: x6 | AJ40: 5.86 | AK40: 5.914217 | AL40: 0.04981 | AM40: 0.00849 | AN40: 0.179016 | AO40: 0.210266 | AP40: 0.17456 | AQ40: 0.985 | AR40: 0
B41: y_bmi | C41: 0.0284 | D41: -0.025503 | E41: -0.05392 | F41: -1.89745 | G41: 0.153357 | H41: 0.1747 | I41: 0.13918 | J41: 0.983 | K41: 0 | M41: y_bmi | N41: 0.068 | O41: -0.01443 | P41: -0.08247 | Q41: -1.21209 | R41: 0.171187 | S41: 0.200857 | T41: 0.17332 | U41: 0.973 | V41: 0 | X41: y_bmi | Y41: 0.03 | Z41: -0.025503 | AA41: -0.05392 | AB41: -1.89745 | AC41: 0.153357 | AD41: 0.1747 | AE41: 0.13918 | AF41: 0.983 | AG41: 0 | AI41: y_bmi | AJ41: 0.03 | AK41: -0.01443 | AL41: -0.04654 | AM41: -1.4494 | AN41: 0.171187 | AO41: 0.200857 | AP41: 0.17332 | AQ41: 0.987 | AR41: 0
A43: [NO MI] [NOMISS V3] | B43: [PROC GENMOD][IND CORR][NO MI][Logistic RR][NOMISS V3][bghhsub_s2_v3_nr] | M43: [PROC GENMOD][EXCH CORR][NO MI][Logistic RR][NOMISS V3][bghhsub_s2_v3_nr] | X43: [PROC GENMOD][IND CORR][NO MI][Logistic RR][NOMISS V3][bghhsub_s2_v3_nr][SUDAAN TRUE] | AI43: [PROC GENMOD][EXCH CORR][NO MI][Logistic RR][NOMISS V3][bghhsub_s2_v3_nr][SUDAAN TRUE] | AS43: [NO MI] [NOMISS V3]
B44: Effect | C44: True Value | D44: Estimate | E44: Empirical Bias | F44: Relative Bias | G44: Empirical SE | H44: Estimated SE | I44: Relative SE difference | J44: Coverage | K44: P(reject H0) | M44: Effect | N44: True Value | O44: Estimate | P44: Empirical Bias | Q44: Relative Bias | R44: Empirical SE | S44: Estimated SE | T44: Relative SE difference | U44: Coverage | V44: P(reject H0) | X44: Effect | Y44: True Value | Z44: Estimate | AA44: Empirical Bias | AB44: Relative Bias | AC44: Empirical SE | AD44: Estimated SE | AE44: Relative SE difference | AF44: Coverage | AG44: P(reject H0) | AI44: Effect | AJ44: True Value | AK44: Estimate | AL44: Empirical Bias | AM44: Relative Bias | AN44: Empirical SE | AO44: Estimated SE | AP44: Relative SE difference | AQ44: Coverage | AR44: P(reject H0) | AU44: V3 sample + V3 IPW weights in fitting
B45: Intercept | C45: 107.0774 | D45: 106.6258 | E45: -0.45166 | F45: -0.00422 | G45: 3.2839 | H45: 3.2395 | I45: -0.013538 | J45: 0.948 | K45: 1 | M45: Intercept | N45: 105.9799 | O45: 107.5888 | P45: 1.60891 | Q45: 0.01518 | R45: 4.3419 | S45: 4.1136 | T45: -0.052578 | U45: 0.906 | V45: 1 | X45: Intercept | Y45: 107.08 | Z45: 106.6258 | AA45: -0.45166 | AB45: -0.00422 | AC45: 3.2839 | AD45: 3.2395 | AE45: -0.013538 | AF45: 0.948 | AG45: 1 | AI45: Intercept | AJ45: 106.81 | AK45: 107.5888 | AL45: 0.77639 | AM45: 0.00727 | AN45: 4.3419 | AO45: 4.1136 | AP45: -0.052578 | AQ45: 0.93 | AR45: 1
B46: age_strat_new | C46: -4.7686 | D46: -4.7073 | E46: 0.0613 | F46: -0.01286 | G46: 1.371 | H46: 1.3013 | I46: -0.050863 | J46: 0.935 | K46: 0.954 | M46: age_strat_new | N46: -5.1666 | O46: -4.4576 | P46: 0.70899 | Q46: -0.13723 | R46: 1.6695 | S46: 1.5487 | T46: -0.072313 | U46: 0.889 | V46: 0.828 | X46: age_strat_new | Y46: -4.77 | Z46: -4.7073 | AA46: 0.0613 | AB46: -0.01286 | AC46: 1.371 | AD46: 1.3013 | AE46: -0.050863 | AF46: 0.935 | AG46: 0.954 | AI46: age_strat_new | AJ46: -4.8 | AK46: -4.4576 | AL46: 0.3417 | AM46: -0.0712 | AN46: 1.6695 | AO46: 1.5487 | AP46: -0.072313 | AQ46: 0.922 | AR46: 0.828
B47: x12 | C47: 8.6967 | D47: 8.5618 | E47: -0.13495 | F47: -0.01552 | G47: 0.8046 | H47: 0.7824 | I47: -0.027561 | J47: 0.946 | K47: 1 | M47: x12 | N47: 8.6968 | O47: 8.5702 | P47: -0.12664 | Q47: -0.01456 | R47: 0.9158 | S47: 0.8733 | T47: -0.04643 | U47: 0.939 | V47: 1 | X47: x12 | Y47: 8.7 | Z47: 8.5618 | AA47: -0.13495 | AB47: -0.01552 | AC47: 0.8046 | AD47: 0.7824 | AE47: -0.027561 | AF47: 0.946 | AG47: 1 | AI47: x12 | AJ47: 8.7 | AK47: 8.5702 | AL47: -0.13201 | AM47: -0.01517 | AN47: 0.9158 | AO47: 0.8733 | AP47: -0.04643 | AQ47: 0.938 | AR47: 1
B48: x17 | C48: -1.6103 | D48: -1.5739 | E48: 0.0364 | F48: -0.0226 | G48: 0.8213 | H48: 0.8042 | I48: -0.020788 | J48: 0.947 | K48: 0.527 | M48: x17 | N48: -1.5934 | O48: -1.8557 | P48: -0.26225 | Q48: 0.16458 | R48: 1.1094 | S48: 1.0422 | T48: -0.060588 | U48: 0.925 | V48: 0.476 | X48: x17 | Y48: -1.61 | Z48: -1.5739 | AA48: 0.0364 | AB48: -0.0226 | AC48: 0.8213 | AD48: 0.8042 | AE48: -0.020788 | AF48: 0.947 | AG48: 0.527 | AI48: x17 | AJ48: -1.58 | AK48: -1.8557 | AL48: -0.27506 | AM48: 0.17402 | AN48: 1.1094 | AO48: 1.0422 | AP48: -0.060588 | AQ48: 0.922 | AR48: 0.476
B49: x18 | C49: -7.9152 | D49: -7.9053 | E49: 0.00991 | F49: -0.00125 | G49: 1.0835 | H49: 1.0338 | I49: -0.045804 | J49: 0.943 | K49: 1 | M49: x18 | N49: -7.9049 | O49: -7.8372 | P49: 0.06765 | Q49: -0.00856 | R49: 1.2358 | S49: 1.1483 | T49: -0.070787 | U49: 0.94 | V49: 0.998 | X49: x18 | Y49: -7.92 | Z49: -7.9053 | AA49: 0.00991 | AB49: -0.00125 | AC49: 1.0835 | AD49: 1.0338 | AE49: -0.045804 | AF49: 0.943 | AG49: 1 | AI49: x18 | AJ49: -7.78 | AK49: -7.8372 | AL49: -0.06081 | AM49: 0.00782 | AN49: 1.2358 | AO49: 1.1483 | AP49: -0.070787 | AQ49: 0.938 | AR49: 0.998
B50: x6 | C50: 5.8681 | D50: 5.8598 | E50: -0.00834 | F50: -0.00142 | G50: 0.0624 | H50: 0.0635 | I50: 0.017426 | J50: 0.965 | K50: 1 | M50: x6 | N50: 5.8287 | O50: 5.8445 | P50: 0.01583 | Q50: 0.00272 | R50: 0.0609 | S50: 0.0625 | T50: 0.026429 | U50: 0.934 | V50: 1 | X50: x6 | Y50: 5.87 | Z50: 5.8598 | AA50: -0.00834 | AB50: -0.00142 | AC50: 0.0624 | AD50: 0.0635 | AE50: 0.017426 | AF50: 0.965 | AG50: 1 | AI50: x6 | AJ50: 5.86 | AK50: 5.8445 | AL50: -0.01993 | AM50: -0.0034 | AN50: 0.0609 | AO50: 0.0625 | AP50: 0.026429 | AQ50: 0.958 | AR50: 1
B51: y_bmi | C51: 0.0284 | D51: 0.0354 | E51: 0.00695 | F51: 0.24442 | G51: 0.0388 | H51: 0.038 | I51: -0.019302 | J51: 0.957 | K51: 0.182 | M51: y_bmi | N51: 0.068 | O51: 0.0516 | P51: -0.01641 | Q51: -0.24114 | R51: 0.0363 | S51: 0.0351 | T51: -0.032684 | U51: 0.92 | V51: 0.33 | X51: y_bmi | Y51: 0.03 | Z51: 0.0354 | AA51: 0.00695 | AB51: 0.24442 | AC51: 0.0388 | AD51: 0.038 | AE51: -0.019302 | AF51: 0.957 | AG51: 0.182 | AI51: y_bmi | AJ51: 0.03 | AK51: 0.0516 | AL51: 0.01952 | AM51: 0.60799 | AN51: 0.0363 | AO51: 0.0351 | AP51: -0.032684 | AQ51: 0.908 | AR51: 0.33
A53: [MI] [NOMISS] | B53: [PROC GENMOD][IND CORR][MI][Logistic RR][NOMISS][bghhsub_s2_v3_nr] | M53: [PROC GENMOD][EXCH CORR][MI][Logistic RR][NOMISS][bghhsub_s2_v3_nr] | X53: [PROC GENMOD][IND CORR][MI][Logistic RR][NOMISS][bghhsub_s2_v3_nr][SUDAAN TRUE] | AI53: [PROC GENMOD][EXCH CORR][MI][Logistic RR][NOMISS][bghhsub_s2_v3_nr][SUDAAN TRUE] | AS53: [MI] [NOMISS]
A63: [NO MI] [NOMISS] | B63: [PROC GENMOD][IND CORR][NO MI][Logistic RR][NOMISS V3][bghhsub_s2_v3_nr] | M63: [PROC GENMOD][EXCH CORR][NO MI][Logistic RR][NOMISS V3][bghhsub_s2_v3_nr] | X63: [PROC GENMOD][IND CORR][NO MI][Logistic RR][NOMISS V3][bghhsub_s2_v3_nr][SUDAAN TRUE] | AI63: [PROC GENMOD][EXCH CORR][NO MI][Logistic RR][NOMISS V3][bghhsub_s2_v3_nr][SUDAAN TRUE] | AS63: [NO MI] [NOMISS]

Sheet Method Codes
A1: Method | B1: corr | C1: mitype | D1: mi | E1: v3only | F1: RR | G1: proc | H1: suffix | I1: Spec
A2: Method 1 | B2: IND | C2: cont | D2: 1 | E2: 0 | F2: RR_glm | H2: 1A | I2: [1][PROC GENMOD][IND CORR][MI][RR_glm][bghhsub_s2]
A3: Method 1 | B3: IND | C3: cont | D3: 1 | E3: 0 | F3: RR_NRadj | H3: 1B | I3: [1][PROC GENMOD][IND CORR][MI][RR_NRadj][bghhsub_s2]
A4: Method 1 | B4: IND | C4: cont | D4: 1 | E4: 0 | F4: RR_glm_strat | H4: 1C | I4: [1][PROC GENMOD][IND CORR][MI][RR_glm_strat][bghhsub_s2]
A5: Method 1 | B5: IND | C5: cont | D5: 1 | E5: 0 | F5: RR_NRadj_strat | H5: 1D | I5: [1][PROC GENMOD][IND CORR][MI][RR_NRadj_strat][bghhsub_s2]
A6: Method 1 | B6: IND | C6: bin | D6: 1 | E6: 0 | F6: RR_glm | H6: 1E | I6: [1][PROC GENMOD][BINARY][IND CORR][MI][RR_glm][bghhsub_s2]
A7: Method 1 | B7: IND | C7: bin | D7: 1 | E7: 0 | F7: RR_NRadj | H7: 1F | I7: [1][PROC GENMOD][BINARY][IND CORR][MI][RR_NRadj][bghhsub_s2]
A8: Method 1 | B8: IND | C8: bin | D8: 1 | E8: 0 | F8: RR_glm_strat | H8: 1G | I8: [1][PROC GENMOD][BINARY][IND CORR][MI][RR_glm_strat][bghhsub_s2]
A9: Method 1 | B9: IND | C9: bin | D9: 1 | E9: 0 | F9: RR_NRadj_strat | H9: 1H | I9: [1][PROC GENMOD][BINARY][IND CORR][MI][RR_NRadj_strat][bghhsub_s2]
A10: Method 2 | B10: IND | C10: cont | D10: 0 | E10: 0 | F10: RR_glm | G10: genmod | H10: 2A | I10: [2][PROC GENMOD][IND CORR][NO MI][RR_glm][bghhsub_s2]
A11: Method 2 | B11: IND | C11: cont | D11: 0 | E11: 0 | F11: RR_NRadj | G11: genmod | H11: 2B | I11: [2][PROC GENMOD][IND CORR][NO MI][RR_NRadj][bghhsub_s2]
A12: Method 2 | B12: IND | C12: cont | D12: 0 | E12: 0 | F12: RR_glm | G12: gee | H12: 2C | I12: [2][PROC GEE][IND CORR][NO MI][RR_glm][bghhsub_s2]
A13: Method 2 | B13: IND | C13: cont | D13: 0 | E13: 0 | F13: RR_NRadj | G13: gee | H13: 2D | I13: [2][PROC GEE][IND CORR][NO MI][RR_NRadj][bghhsub_s2]
A14: Method 2 | B14: IND | C14: cont | D14: 0 | E14: 0 | F14: RR_glm_strat | G14: genmod | H14: 2E | I14: [2][PROC GENMOD][IND CORR][NO MI][RR_glm_strat][bghhsub_s2]
A15: Method 2 | B15: IND | C15: cont | D15: 0 | E15: 0 | F15: RR_NRadj_strat | G15: genmod | H15: 2F | I15: [2][PROC GENMOD][IND CORR][NO MI][RR_NRadj_strat][bghhsub_s2]
A16: Method 2 | B16: IND | C16: cont | D16: 0 | E16: 0 | F16: RR_glm_strat | G16: gee | H16: 2G | I16: [2][PROC GEE][IND CORR][NO MI][RR_glm_strat][bghhsub_s2]
A17: Method 2 | B17: IND | C17: cont | D17: 0 | E17: 0 | F17: RR_NRadj_strat | G17: gee | H17: 2H | I17: [2][PROC GEE][IND CORR][NO MI][RR_NRadj_strat][bghhsub_s2]
A18: Method 2 | B18: IND | C18: bin | D18: 0 | E18: 0 | F18: RR_glm | G18: genmod | H18: 2I | I18: [2][PROC GENMOD][BINARY][IND CORR][NO MI][RR_glm][bghhsub_s2]
A19: Method 2 | B19: IND | C19: bin | D19: 0 | E19: 0 | F19: RR_NRadj | G19: genmod | H19: 2J | I19: [2][PROC GENMOD][BINARY][IND CORR][NO MI][RR_NRadj][bghhsub_s2]
A20: Method 2 | B20: IND | C20: bin | D20: 0 | E20: 0 | F20: RR_glm | G20: gee | H20: 2K | I20: [2][PROC GEE][IND CORR][NO MI][RR_glm][bghhsub_s2]
A21: Method 2 | B21: IND | C21: bin | D21: 0 | E21: 0 | F21: RR_NRadj | G21: gee | H21: 2L | I21: [2][PROC GEE][IND CORR][NO MI][RR_NRadj][bghhsub_s2]
... A25: Method 2 | B25: IND | C25: bin | D25: 0 | E25: 0 | F25: RR_NRadj_strat | G25: gee | H25: 2P | I25: [2][PROC GEE][IND CORR][NO MI][RR_NRadj_strat][bghhsub_s2]
A26: Method 3 | B26: IND | C26: cont | D26: 1 | E26: 1 | F26: RR_glm | H26: 3A | I26: [3][PROC GENMOD][IND CORR][MI][RR_glm][NOMISS V3][bghhsub_s2_v3_nr]
A27: Method 3 | B27: IND | C27: cont | D27: 1 | E27: 1 | F27: RR_NRadj | H27: 3B | I27: [3][PROC GENMOD][IND CORR][MI][RR_NRadj][NOMISS V3][bghhsub_s2_v3_nr]
A28: Method 3 | B28: IND | C28: cont | D28: 1 | E28: 1 | F28: RR_glm_strat | H28: 3C | I28: [3][PROC GENMOD][IND CORR][MI][RR_glm_strat][NOMISS V3][bghhsub_s2_v3_nr]
A29: Method 3 | B29: IND | C29: cont | D29: 1 | E29: 1 | F29: RR_NRadj_strat | H29: 3D | I29: [3][PROC GENMOD][IND CORR][MI][RR_NRadj_strat][NOMISS V3][bghhsub_s2_v3_nr]
A30: Method 3 | B30: IND | C30: bin | D30: 1 | E30: 1 | F30: RR_glm | H30: 3E | I30: [3][PROC GENMOD][BINARY][IND CORR][MI][RR_glm][NOMISS V3][bghhsub_s2_v3_nr]
A31: Method 3 | B31: IND | C31: bin | D31: 1 | E31: 1 | F31: RR_NRadj | H31: 3F | I31: [3][PROC GENMOD][BINARY][IND CORR][MI][RR_NRadj][NOMISS V3][bghhsub_s2_v3_nr]
A32: Method 3 | B32: IND | C32: bin | D32: 1 | E32: 1 | F32: RR_glm_strat | H32: 3G | I32: [3][PROC GENMOD][BINARY][IND CORR][MI][RR_glm_strat][NOMISS V3][bghhsub_s2_v3_nr]
A33: Method 3 | B33: IND | C33: bin | D33: 1 | E33: 1 | F33: RR_NRadj_strat | H33: 3H | I33: [3][PROC GENMOD][BINARY][IND CORR][MI][RR_NRadj_strat][NOMISS V3][bghhsub_s2_v3_nr]
A34: Method 4 | B34: IND | C34: cont | D34: 0 | E34: 1 | F34: RR_glm | G34: genmod | H34: 4A | I34: [4][PROC GENMOD][IND CORR][NO MI][RR_glm][NOMISS V3][bghhsub_s2_v3_nr]
A35: Method 4 | B35: IND | C35: cont | D35: 0 | E35: 1 | F35: RR_NRadj | G35: genmod | H35: 4B | I35: [4][PROC GENMOD][IND CORR][NO MI][RR_NRadj][NOMISS V3][bghhsub_s2_v3_nr]
A36: Method 4 | B36: IND | C36: cont | D36: 0 | E36: 1 | F36: RR_glm | G36: gee | H36: 4C | I36: [4][PROC GEE][IND CORR][NO MI][RR_glm][NOMISS V3][bghhsub_s2_v3_nr]
A37: Method 4 | B37: IND | C37: cont | D37: 0 | E37: 1 | F37: RR_NRadj | G37: gee | H37: 4D | I37: [4][PROC GEE][IND CORR][NO MI][RR_NRadj][NOMISS V3][bghhsub_s2_v3_nr]
A38: Method 4 | B38: IND | C38: cont | D38: 0 | E38: 1 | F38: RR_glm_strat | G38: genmod | H38: 4E | I38: [4][PROC GENMOD][IND CORR][NO MI][RR_glm_strat][NOMISS V3][bghhsub_s2_v3_nr]
A39: Method 4 | B39: IND | C39: cont | D39: 0 | E39: 1 | F39: RR_NRadj_strat | G39: genmod | H39: 4F | I39: [4][PROC GENMOD][IND CORR][NO MI][RR_NRadj_strat][NOMISS V3][bghhsub_s2_v3_nr]
A40: Method 4 | B40: IND | C40: cont | D40: 0 | E40: 1 | F40: RR_glm_strat | G40: gee | H40: 4G | I40: [4][PROC GEE][IND CORR][NO MI][RR_glm_strat][NOMISS V3][bghhsub_s2_v3_nr]
A41: Method 4 | B41: IND | C41: cont | D41: 0 | E41: 1 | F41: RR_NRadj_strat | G41: gee | H41: 4H | I41: [4][PROC GEE][IND CORR][NO MI][RR_NRadj_strat][NOMISS V3][bghhsub_s2_v3_nr]
A42: Method 4 | B42: IND | C42: bin | D42: 0 | E42: 1 | F42: RR_glm | G42: genmod | H42: 4I | I42: [4][PROC GENMOD][BINARY][IND CORR][NO MI][RR_glm][NOMISS V3][bghhsub_s2_v3_nr]
A43: Method 4 | B43: IND | C43: bin | D43: 0 | E43: 1 | F43: RR_NRadj | G43: genmod | H43: 4J | I43: [4][PROC GENMOD][BINARY][IND CORR][NO MI][RR_NRadj][NOMISS V3][bghhsub_s2_v3_nr]
A44: Method 4 | B44: IND | C44: bin | D44: 0 | E44: 1 | F44: RR_glm | G44: gee | H44: 4K | I44: [4][PROC GEE][IND CORR][NO MI][RR_glm][NOMISS V3][bghhsub_s2_v3_nr]
A45: Method 4 | B45: IND | C45: bin | D45: 0 | E45: 1 | F45: RR_NRadj | G45: gee | H45: 4L | I45: [4][PROC GEE][IND CORR][NO MI][RR_NRadj][NOMISS V3][bghhsub_s2_v3_nr]
... A49: Method 4 | B49: IND | C49: bin | D49: 0 | E49: 1 | F49: RR_NRadj_strat | G49: gee | H49: 4P | I49: [4][PROC GEE][IND CORR][NO MI][RR_NRadj_strat][NOMISS V3][bghhsub_s2_v3_nr]
A50: Method 5 | B50: IND | C50: cont | D50: 1 | E50: 2 | F50: RR_glm | H50: 5A | I50: [5][PROC GENMOD][IND CORR][MI][RR_glm][bghhsub_s2_nr]
A51: Method 5 | B51: IND | C51: cont | D51: 1 | E51: 2 | F51: RR_NRadj | H51: 5B | I51: [5][PROC GENMOD][IND CORR][MI][RR_NRadj][bghhsub_s2_nr]
A52: Method 5 | B52: IND | C52: cont | D52: 1 | E52: 2 | F52: RR_glm_strat | H52: 5C | I52: [5][PROC GENMOD][IND CORR][MI][RR_glm_strat][bghhsub_s2_nr]
A53: Method 5 | B53: IND | C53: cont | D53: 1 | E53: 2 | F53: RR_NRadj_strat | H53: 5D | I53: [5][PROC GENMOD][IND CORR][MI][RR_NRadj_strat][bghhsub_s2_nr]
A54: Method 5 | B54: IND | C54: bin | D54: 1 | E54: 2 | F54: RR_glm | H54: 5E | I54: [5][PROC GENMOD][BINARY][IND CORR][MI][RR_glm][bghhsub_s2_nr]
A55: Method 5 | B55: IND | C55: bin | D55: 1 | E55: 2 | F55: RR_NRadj | H55: 5F | I55: [5][PROC GENMOD][BINARY][IND CORR][MI][RR_NRadj][bghhsub_s2_nr]
A56: Method 5 | B56: IND | C56: bin | D56: 1 | E56: 2 | F56: RR_glm_strat | H56: 5G | I56: [5][PROC GENMOD][BINARY][IND CORR][MI][RR_glm_strat][bghhsub_s2_nr]
A57: Method 5 | B57: IND | C57: bin | D57: 1 | E57: 2 | F57: RR_NRadj_strat | H57: 5H | I57: [5][PROC GENMOD][BINARY][IND CORR][MI][RR_NRadj_strat][bghhsub_s2_nr]
A58: Method 6 | B58: IND | C58: cont | D58: 0 | E58: 2 | F58: RR_glm | G58: genmod | H58: 6A | I58: [6][PROC GENMOD][IND CORR][NO MI][RR_glm][bghhsub_s2_nr]
A59: Method 6 | B59: IND | C59: cont | D59: 0 | E59: 2 | F59: RR_NRadj | G59: genmod | H59: 6B | I59: [6][PROC GENMOD][IND CORR][NO MI][RR_NRadj][bghhsub_s2_nr]
A60: Method 6 | B60: IND | C60: cont | D60: 0 | E60: 2 | F60: RR_glm | G60: gee | H60: 6C | I60: [6][PROC GEE][IND CORR][NO MI][RR_glm][bghhsub_s2_nr]
A61: Method 6 | B61: IND | C61: cont | D61: 0 | E61: 2 | F61: RR_NRadj | G61: gee | H61: 6D | I61: [6][PROC GEE][IND CORR][NO MI][RR_NRadj][bghhsub_s2_nr]
A62: Method 6 | B62: IND | C62: cont | D62: 0 | E62: 2 | F62: RR_glm_strat | G62: genmod | H62: 6E | I62: [6][PROC GENMOD][IND CORR][NO MI][RR_glm_strat][bghhsub_s2_nr]
A63: Method 6 | B63: IND | C63: cont | D63: 0 | E63: 2 | F63: RR_NRadj_strat | G63: genmod | H63: 6F | I63: [6][PROC GENMOD][IND CORR][NO MI][RR_NRadj_strat][bghhsub_s2_nr]
A64: Method 6 | B64: IND | C64: cont | D64: 0 | E64: 2 | F64: RR_glm_strat | G64: gee | H64: 6G | I64: [6][PROC GEE][IND CORR][NO MI][RR_glm_strat][bghhsub_s2_nr]
A65: Method 6 | B65: IND | C65: cont | D65: 0 | E65: 2 | F65: RR_NRadj_strat | G65: gee | H65: 6H | I65: [6][PROC GEE][IND CORR][NO MI][RR_NRadj_strat][bghhsub_s2_nr]
A66: Method 6 | B66: IND | C66: bin | D66: 0 | E66: 2 | F66: RR_glm | G66: genmod | H66: 6I | I66: [6][PROC GENMOD][BINARY][IND CORR][NO MI][RR_glm][bghhsub_s2_nr]
A67: Method 6 | B67: IND | C67: bin | D67: 0 | E67: 2 | F67: RR_NRadj | G67: genmod | H67: 6J | I67: [6][PROC GENMOD][BINARY][IND CORR][NO MI][RR_NRadj][bghhsub_s2_nr]
A68: Method 6 | B68: IND | C68: bin | D68: 0 | E68: 2 | F68: RR_glm | G68: gee | H68: 6K | I68: [6][PROC GEE][IND CORR][NO MI][RR_glm][bghhsub_s2_nr]
A69: Method 6 | B69: IND | C69: bin | D69: 0 | E69: 2 | F69: RR_NRadj | G69: gee | H69: 6L | I69: [6][PROC GEE][IND CORR][NO MI][RR_NRadj][bghhsub_s2_nr]
... A73: Method 6 | B73: IND | C73: bin | D73: 0 | E73: 2 | F73: RR_NRadj_strat | G73: gee | H73: 6P | I73: [6][PROC GEE][IND CORR][NO MI][RR_NRadj_strat][bghhsub_s2_nr]
A74: Method 1 | B74: EXCH | C74: cont | D74: 1 | E74: 0 | F74: RR_glm | H74: 1A | I74: [1][PROC GENMOD][EXCH CORR][MI][RR_glm][bghhsub_s2]
A75: Method 1 | B75: EXCH | C75: cont | D75: 1 | E75: 0 | F75: RR_NRadj | H75: 1B | I75: [1][PROC GENMOD][EXCH CORR][MI][RR_NRadj][bghhsub_s2]
A76: Method 1 | B76: EXCH | C76: cont | D76: 1 | E76: 0 | F76: RR_glm_strat | H76: 1C | I76: [1][PROC GENMOD][EXCH CORR][MI][RR_glm_strat][bghhsub_s2]
A77: Method 1 | B77: EXCH | C77: cont | D77: 1 | E77: 0 | F77: RR_NRadj_strat | H77: 1D | I77: [1][PROC GENMOD][EXCH CORR][MI][RR_NRadj_strat][bghhsub_s2]
A78: Method 1 | B78: EXCH | C78: bin | D78: 1 | E78: 0 | F78: RR_glm | H78: 1E | I78: [1][PROC GENMOD][BINARY][EXCH CORR][MI][RR_glm][bghhsub_s2]
A79: Method 1 | B79: EXCH | C79: bin | D79: 1 | E79: 0 | F79: RR_NRadj | H79: 1F | I79: [1][PROC GENMOD][BINARY][EXCH CORR][MI][RR_NRadj][bghhsub_s2]
A80: Method 1 | B80: EXCH | C80: bin | D80: 1 | E80: 0 | F80: RR_glm_strat | H80: 1G | I80: [1][PROC GENMOD][BINARY][EXCH CORR][MI][RR_glm_strat][bghhsub_s2]
A81: Method 1 | B81: EXCH | C81: bin | D81: 1 | E81: 0 | F81: RR_NRadj_strat | H81: 1H | I81: [1][PROC GENMOD][BINARY][EXCH CORR][MI][RR_NRadj_strat][bghhsub_s2]
A82: Method 2 | B82: EXCH | C82: cont | D82: 0 | E82: 0 | F82: RR_glm | G82: genmod | H82: 2A | I82: [2][PROC GENMOD][EXCH CORR][NO MI][RR_glm][bghhsub_s2]
A83: Method 2 | B83: EXCH | C83: cont | D83: 0 | E83: 0 | F83: RR_NRadj | G83: genmod | H83: 2B | I83: [2][PROC GENMOD][EXCH CORR][NO MI][RR_NRadj][bghhsub_s2]
A84: Method 2 | B84: EXCH | C84: cont | D84: 0 | E84: 0 | F84: RR_glm | G84: gee | H84: 2C | I84: [2][PROC GEE][EXCH CORR][NO MI][RR_glm][bghhsub_s2]
A85: Method 2 | B85: EXCH | C85: cont | D85: 0 | E85: 0 | F85: RR_NRadj | G85: gee | H85: 2D | I85: [2][PROC GEE][EXCH CORR][NO MI][RR_NRadj][bghhsub_s2]
A86: Method 2 | B86: EXCH | C86: cont | D86: 0 | E86: 0 | F86: RR_glm_strat | G86: genmod | H86: 2E | I86: [2][PROC GENMOD][EXCH CORR][NO MI][RR_glm_strat][bghhsub_s2]
A87: Method 2 | B87: EXCH | C87: cont | D87: 0 | E87: 0 | F87: RR_NRadj_strat | G87: genmod | H87: 2F | I87: [2][PROC GENMOD][EXCH CORR][NO MI][RR_NRadj_strat][bghhsub_s2]
A88: Method 2 | B88: EXCH | C88: cont | D88: 0 | E88: 0 | F88: RR_glm_strat | G88: gee | H88: 2G | I88: [2][PROC GEE][EXCH CORR][NO MI][RR_glm_strat][bghhsub_s2]
A89: Method 2 | B89: EXCH | C89: cont | D89: 0 | E89: 0 | F89: RR_NRadj_strat | G89: gee | H89: 2H | I89: [2][PROC GEE][EXCH CORR][NO MI][RR_NRadj_strat][bghhsub_s2]
A90: Method 2 | B90: EXCH | C90: bin | D90: 0 | E90: 0 | F90: RR_glm | G90: genmod | H90: 2I | I90: [2][PROC GENMOD][BINARY][EXCH CORR][NO MI][RR_glm][bghhsub_s2]
A91: Method 2 | B91: EXCH | C91: bin | D91: 0 | E91: 0 | F91: RR_NRadj | G91: genmod | H91: 2J | I91: [2][PROC GENMOD][BINARY][EXCH CORR][NO MI][RR_NRadj][bghhsub_s2]
A92: Method 2 | B92: EXCH | C92: bin | D92: 0 | E92: 0 | F92: RR_glm | G92: gee | H92: 2K | I92: [2][PROC GEE][EXCH CORR][NO MI][RR_glm][bghhsub_s2]
A93: Method 2 | B93: EXCH | C93: bin | D93: 0 | E93: 0 | F93: RR_NRadj | G93: gee | H93: 2L | I93: [2][PROC GEE][EXCH CORR][NO MI][RR_NRadj][bghhsub_s2]
... A97: Method 2 | B97: EXCH | C97: bin | D97: 0 | E97: 0 | F97: RR_NRadj_strat | G97: gee | H97: 2P | I97: [2][PROC GEE][EXCH CORR][NO MI][RR_NRadj_strat][bghhsub_s2]
A98: Method 3 | B98: EXCH | C98: cont | D98: 1 | E98: 1 | F98: RR_glm | H98: 3A | I98: [3][PROC GENMOD][EXCH CORR][MI][RR_glm][NOMISS V3][bghhsub_s2_v3_nr]
A99: Method 3 | B99: EXCH | C99: cont | D99: 1 | E99: 1 | F99: RR_NRadj | H99: 3B | I99: [3][PROC GENMOD][EXCH CORR][MI][RR_NRadj][NOMISS V3][bghhsub_s2_v3_nr]
A100: Method 3 | B100: EXCH | C100: cont | D100: 1 | E100: 1 | F100: RR_glm_strat | H100: 3C | I100: [3][PROC GENMOD][EXCH CORR][MI][RR_glm_strat][NOMISS V3][bghhsub_s2_v3_nr]
A101: Method 3 | B101: EXCH | C101: cont | D101: 1 | E101: 1 | F101: RR_NRadj_strat | H101: 3D | I101: [3][PROC GENMOD][EXCH CORR][MI][RR_NRadj_strat][NOMISS V3][bghhsub_s2_v3_nr]
A102: Method 3 | B102: EXCH | C102: bin | D102: 1 | E102: 1 | F102: RR_glm | H102: 3E | I102: [3][PROC GENMOD][BINARY][EXCH CORR][MI][RR_glm][NOMISS V3][bghhsub_s2_v3_nr]
A103: Method 3 | B103: EXCH | C103: bin | D103: 1 | E103: 1 | F103: RR_NRadj | H103: 3F | I103: [3][PROC GENMOD][BINARY][EXCH CORR][MI][RR_NRadj][NOMISS V3][bghhsub_s2_v3_nr]
A104: Method 3 | B104: EXCH | C104: bin | D104: 1 | E104: 1 | F104: RR_glm_strat | H104: 3G | I104: [3][PROC GENMOD][BINARY][EXCH CORR][MI][RR_glm_strat][NOMISS V3][bghhsub_s2_v3_nr]
A105: Method 3 | B105: EXCH | C105: bin | D105: 1 | E105: 1 | F105: RR_NRadj_strat | H105: 3H | I105: [3][PROC GENMOD][BINARY][EXCH CORR][MI][RR_NRadj_strat][NOMISS V3][bghhsub_s2_v3_nr]
A106: Method 4 | B106: EXCH | C106: cont | D106: 0 | E106: 1 | F106: RR_glm | G106: genmod | H106: 4A | I106: [4][PROC GENMOD][EXCH CORR][NO MI][RR_glm][NOMISS V3][bghhsub_s2_v3_nr]
A107: Method 4 | B107: EXCH | C107: cont | D107: 0 | E107: 1 | F107: RR_NRadj | G107: genmod | H107: 4B | I107: [4][PROC GENMOD][EXCH CORR][NO MI][RR_NRadj][NOMISS V3][bghhsub_s2_v3_nr]
A108: Method 4 | B108: EXCH | C108: cont | D108: 0 | E108: 1 | F108: RR_glm | G108: gee | H108: 4C | I108: [4][PROC GEE][EXCH CORR][NO MI][RR_glm][NOMISS V3][bghhsub_s2_v3_nr]
A109: Method 4 | B109: EXCH | C109: cont | D109: 0 | E109: 1 | F109: RR_NRadj | G109: gee | H109: 4D | I109: [4][PROC GEE][EXCH CORR][NO MI][RR_NRadj][NOMISS V3][bghhsub_s2_v3_nr]
A110: Method 4 | B110: EXCH | C110: cont | D110: 0 | E110: 1 | F110: RR_glm_strat | G110: genmod | H110: 4E | I110: [4][PROC GENMOD][EXCH CORR][NO MI][RR_glm_strat][NOMISS V3][bghhsub_s2_v3_nr]
A111: Method 4 | B111: EXCH | C111: cont | D111: 0 | E111: 1 | F111: RR_NRadj_strat | G111: genmod | H111: 4F | I111: [4][PROC GENMOD][EXCH CORR][NO MI][RR_NRadj_strat][NOMISS V3][bghhsub_s2_v3_nr]
A112: Method 4 | B112: EXCH | C112: cont | D112: 0 | E112: 1 | F112: RR_glm_strat | G112: gee | H112: 4G | I112: [4][PROC GEE][EXCH CORR][NO MI][RR_glm_strat][NOMISS V3][bghhsub_s2_v3_nr]
...

Sheet Batch Output
A1: group | B1: suffix | C1: Parm | D1: _TYPE_ | E1: _FREQ_ | F1: True Value | G1: Estimate | H1: Empirical Bias | I1: Relative Bias | J1: Empirical SE | K1: Estimated SE | L1: Relative SE difference | M1: Coverage | N1: P(reject H0)
A2: EXCH | B2: 1A | C2: Intercept | D2: 1 | E2: 1000 | F2: 106.8125 | G2: 107.10514 | H2: 0.29268223 | I2: 1.393985 | J2: 1.400711 | K2: 0.004824706 | L2: 0.0027401508 | M2: 0.944 | N2: 0
A3: EXCH | B3: 1A | C3: age_strat_new | D3: 1 | E3: 1000 | F3: -4.7993 | G3: -4.781034 | H3: 0.018247555 | I3: 0.542475 | J3: 0.565387 | K3: 0.042237351 | L3: -0.003802143 | M3: 0.961 | N3: 0
A4: EXCH | B4: 1A | C4: x12 | D4: 1 | E4: 1000 | F4: 8.7022 | G4: 8.704283 | H4: 0.0020758462 | I4: 0.343029 | J4: 0.343674 | K4: 0.001880472 | L4: 0.0002385425 | M4: 0.95 | N4: 0
A5: EXCH | B5: 1A | C5: x17 | D5: 1 | E5: 1000 | F5: -1.5806 | G5: -1.677658 | H5: -0.097032127 | I5: 0.350409 | J5: 0.34932 | K5: -0.003107178 | L5: 0.06138842 | M5: 0.938 | N5: 0
A6: EXCH | B6: 1A | C6: x18 | D6: 1 | E6: 1000 | F6: -7.7764 | G6: -7.831825 | H6: -0.055396254 | I6: 0.410945 | J6: 0.425945 | K6: 0.036501604 | L6: 0.0071236109 | M6: 0.954 | N6: 0
A7: EXCH | B7: 1A | C7: x6 | D7: 1 | E7: 1000 | F7: 5.8644 | G7: 5.851821 | H7: -0.012589649 | I7: 0.021341 | J7: 0.022537 | K7: 0.056024711 | L7: -0.002146788 | M7: 0.926 | N7: 0
A8: EXCH | B8: 1A | C8: y_bmi | D8: 1 | E8: 1000 | F8: 0.0321 | G8: 0.038078 | H8: 0.0059693899 | I8: 0.013713 | J8: 0.01579 | K8: 0.15143202 | L8: 0.1859137 | M8: 0.964 | N8: 0
A9: EXCH | B9: 1B | C9: Intercept | D9: 1 | E9: 1000 | F9: 106.8125 | G9: 107.15691 | H9: 0.3444517 | I9: 1.393354 | J9: 1.397678 | K9: 0.003103648 | L9: 0.003224827 | M9: 0.942 | N9: 0
A10: EXCH | B10: 1B | C10: age_strat_new | D10: 1 | E10: 1000 | F10: -4.7993 | G10: -4.701927 | H10: 0.097355071 | I10: 0.542194 | J10: 0.564309 | K10: 0.040786965 | L10: -0.020285341 | M10: 0.955 | N10: 0
A11: EXCH | B11: 1B | C11: x12 | D11: 1 | E11: 1000 | F11: 8.7022 | G11: 8.698968 | H11: -0.003239316 | I11: 0.341904 | J11: 0.343353 | K11: 0.0042391175 | L11: -0.000372241 | M11: 0.948 | N11: 0
A12: EXCH | B12: 1B | C12: x17 | D12: 1 | E12: 1000 | F12: -1.5806 | G12: -1.730137 | H12: -0.14951122 | I12: 0.349368 | J12: 0.348593 | K12: -0.002217163 | L12: 0.094589882 | M12: 0.926 | N12: 0
A13: EXCH | B13: 1B | C13: x18 | D13: 1 | E13: 1000 | F13: -7.7764 | G13: -7.847447 | H13: -0.071018275 | I13: 0.409615 | J13: 0.425323 | K13: 0.038348612 | L13: 0.0091325048 | M13: 0.954 | N13: 0
... A841: IND | B841: 6S | C841: y_bmi | D841: 1 | E841: 880 | F841: -0.0007 | G841: -0.000768 | H841: -5.9838e-05 | I841: 0.002565 | J841: 0.002459 | K841: -0.041354826 | L841: 0.084551779 | M841: 0.94204545 | N841: 0.0625

Sheet Coverages (RR_glm)
B1: SAMPLEMISS_1 - SAMPLEMISS_1000 | X1: SUDAAN-Based True Values (SAMPLEMISS_1 - SAMPLEMISS_1000)
B2: [IND CORR][GEE True] | M2: [EXCH CORR][SUDAAN TRUE] | X2: [IND CORR] | AI2: [EXCH CORR]
A3: [MI] | B3: [1][PROC GENMOD][IND CORR][MI][RR_glm][bghhsub_s2] | J3: =INDEX('Method Codes'!$B:$B, MATCH(B3, 'Method Codes'!$I:$I,0)) -> IND | K3: =INDEX('Method Codes'!$H:$H, MATCH(B3, 'Method Codes'!$I:$I,0)) -> 1A | M3: [1][PROC GENMOD][EXCH CORR][MI][RR_glm][bghhsub_s2] | U3: =INDEX('Method Codes'!$B:$B, MATCH(M3, 'Method Codes'!$I:$I,0)) -> EXCH | V3: =INDEX('Method Codes'!$H:$H, MATCH(M3, 'Method Codes'!$I:$I,0)) -> 1A | X3: [1][PROC GENMOD][IND CORR][MI][RR_glm][bghhsub_s2][SUDAAN TRUE] | AI3: [1][PROC GENMOD][EXCH CORR][MI][RR_glm][bghhsub_s2][SUDAAN TRUE] | AS3: [MI] | AU3: 1
B4: Effect | C4: True Value | D4: Estimate | E4: Empirical Bias | F4: Relative Bias | G4: Empirical SE | H4: Estimated SE | I4: Relative SE difference | J4: Coverage | K4: P(reject H0) | M4: Effect | N4: True Value | O4: Estimate | P4: Empirical Bias | Q4: Relative Bias | R4: Empirical SE | S4: Estimated SE | T4: Relative SE difference | U4: Coverage | V4: P(reject H0) | X4: Effect | Y4: True Value | Z4: Estimate | AA4: Empirical Bias | AB4: Relative Bias | AC4: Empirical SE | AD4: Estimated SE | AE4: Relative SE difference | AF4: Coverage | AG4: P(reject H0) | AI4: Effect | AJ4: True Value | AK4: Estimate | AL4: Empirical Bias | AM4: Relative Bias | AN4: Empirical SE | AO4: Estimated SE | AP4: Relative SE difference | AQ4: Coverage | AR4: P(reject H0) | AU4: IPW weights in MI step
B5: Intercept | C5: {=_xlfn.LET( _xlpm.keyA, J3, _xlpm.keyB, K3, _xlpm.rowKeys, B5:B11, _xlpm.colKeys, C4:K4, _xlpm.data, 'Batch Output'!$C:$Z, _xlpm.rowMatch, _xlfn.XMATCH(_xlpm.rowKeys, 'Batch Output'!$C:$C), _xlpm.colMatch, _xlfn.XMATCH(_xlpm.colKeys, 'Batch Output'!$1:$1), _xlpm.batchMatchRows, _xlfn._xlws.FILTER(ROW('Batch Output'!$A:$A), ('Batch Output'!$A:$A=_xlpm.keyA)*('Batch Output'!$B:$B=_xlpm.keyB)), _xlpm.firstMatchRow, INDEX(_xlpm.batchMatchRows, 1), INDEX(_xlpm.data, _xlpm.rowMatch + _xlpm.firstMatchRow - 2, _xlpm.colMatch - 2) )} -> 107.0774 | D5: 106.95041 | E5: -0.12700068 | F5: 1.36406 | G5: 1.363966 | H5: -6.8991e-05 | I5: -0.001186064 | J5: 0.946 | K5: 0 | M5: Intercept | N5: {=_xlfn.LET( _xlpm.keyA, U3, _xlpm.keyB, V3, _xlpm.rowKeys, M5:M11, _xlpm.colKeys, N4:V4, _xlpm.data, 'Batch Output'!$C:$Z, _xlpm.rowMatch, _xlfn.XMATCH(_xlpm.rowKeys, 'Batch Output'!$C:$C), _xlpm.colMatch, _xlfn.XMATCH(_xlpm.colKeys, 'Batch Output'!$1:$1), _xlpm.batchMatchRows, _xlfn._xlws.FILTER(ROW('Batch Output'!$A:$A), ('Batch Output'!$A:$A=_xlpm.keyA)*('Batch Output'!$B:$B=_xlpm.keyB)), _xlpm.firstMatchRow, INDEX(_xlpm.batchMatchRows, 1), INDEX(_xlpm.data, _xlpm.rowMatch + _xlpm.firstMatchRow - 2, _xlpm.colMatch - 2) )} -> 106.8125 | O5: 107.10514 | P5: 0.29268223 | Q5: 1.393985 | R5: 1.400711 | S5: 0.004824706 | T5: 0.0027401508 | U5: 0.944 | V5: 0 | X5: Intercept | Y5: 107.08 | Z5: 106.97987 | AA5: -0.097538 | AB5: -0.000911 | AC5: 1.35801 | AD5: 1.361959 | AE5: 0.002908 | AF5: 0.951 | AG5: 0 | AI5: Intercept | AJ5: 106.81 | AK5: 107.09889 | AL5: 0.28643 | AM5: 0.00268 | AN5: 1.381398 | AO5: 1.398284 | AP5: 0.01222 | AQ5: 0.948 | AR5: 0 | AU5: V1 weights in fitting step
B6: age_strat_new | C6: -4.7686 | D6: -4.812757 | E6: -0.044115327 | F6: 0.519097 | G6: 0.524635 | H6: 0.010669057 | I6: 0.0092511305 | J6: 0.953 | K6: 0 | M6: age_strat_new | N6: -4.7993 | O6: -4.781034 | P6: 0.018247555 | Q6: 0.542475 | R6: 0.565387 | S6: 0.042237351 | T6: -0.003802143 | U6: 0.961 | V6: 0 | X6: age_strat_new | Y6: -4.77 | Z6: -4.785153 | AA6: -0.016511 | AB6: 0.003462 | AC6: 0.535956 | AD6: 0.524544 | AE6: -0.021292 | AF6: 0.95 | AG6: 0 | AI6: age_strat_new | AJ6: -4.8 | AK6: -4.758175 | AL6: 0.04111 | AM6: -0.00857 | AN6: 0.574804 | AO6: 0.566145 | AP6: -0.01506 | AQ6: 0.945 | AR6: 0
B7: x12 | C7: 8.6967 | D7: 8.705676 | E7: 0.0089774713 | F7: 0.306858 | G7: 0.306333 | H7: -0.001710315 | I7: 0.001032285 | J7: 0.948 | K7: 0 | M7: x12 | N7: 8.7022 | O7: 8.704283 | P7: 0.0020758462 | Q7: 0.343029 | R7: 0.343674 | S7: 0.001880472 | T7: 0.0002385425 | U7: 0.95 | V7: 0 | X7: x12 | Y7: 8.7 | Z7: 8.695153 | AA7: -0.001546 | AB7: -0.000178 | AC7: 0.302934 | AD7: 0.305665 | AE7: 0.009013 | AF7: 0.952 | AG7: 0 | AI7: x12 | AJ7: 8.7 | AK7: 8.719603 | AL7: 0.0174 | AM7: 0.002 | AN7: 0.332203 | AO7: 0.343012 | AP7: 0.03254 | AQ7: 0.961 | AR7: 0 | AU7: IPW weights = base weights / RR
B8: x17 | C8: -1.6103 | D8: -1.55252 | E8: 0.057774858 | F8: 0.337974 | G8: 0.330345 | H8: -0.022573728 | I8: -0.035878441 | J8: 0.946 | K8: 0 | M8: x17 | N8: -1.5806 | O8: -1.677658 | P8: -0.097032127 | Q8: 0.350409 | R8: 0.34932 | S8: -0.003107178 | T8: 0.06138842 | U8: 0.938 | V8: 0 | X8: x17 | Y8: -1.61 | Z8: -1.570868 | AA8: 0.039426 | AB8: -0.024484 | AC8: 0.328737 | AD8: 0.329937 | AE8: 0.003652 | AF8: 0.951 | AG8: 0 | AI8: x17 | AJ8: -1.58 | AK8: -1.689803 | AL8: -0.10918 | AM8: 0.06907 | AN8: 0.348121 | AO8: 0.348888 | AP8: 0.0022 | AQ8: 0.941 | AR8: 0 | AU8: RR = visit-specific missing prob calculated from Logistic
B9: x18 | C9: -7.9152 | D9: -7.917757 | E9: -0.002581097 | F9: 0.369076 | G9: 0.380566 | H9: 0.031132704 | I9: 0.0003260947 | J9: 0.956 | K9: 0 | M9: x18 | N9: -7.7764 | O9: -7.831825 | P9: -0.055396254 | Q9: 0.410945 | R9: 0.425945 | S9: 0.036501604 | T9: 0.0071236109 | U9: 0.954 | V9: 0 | X9: x18 | Y9: -7.92 | Z9: -7.914463 | AA9: 0.000713 | AB9: -9e-05 | AC9: 0.387806 | AD9: 0.380631 | AE9: -0.018501 | AF9: 0.945 | AG9: 0 | AI9: x18 | AJ9: -7.78 | AK9: -7.826184 | AL9: -0.04975 | AM9: 0.0064 | AN9: 0.43863 | AO9: 0.425606 | AP9: -0.02969 | AQ9: 0.95 | AR9: 0
B10: x6 | C10: 5.8681 | D10: 5.865272 | E10: -0.002867287 | F10: 0.023214 | G10: 0.023929 | H10: 0.030792906 | I10: -0.000488619 | J10: 0.953 | K10: 0 | M10: x6 | N10: 5.8644 | O10: 5.851821 | P10: -0.012589649 | Q10: 0.021341 | R10: 0.022537 | S10: 0.056024711 | T10: -0.002146788 | U10: 0.926 | V10: 0 | X10: x6 | Y10: 5.87 | Z10: 5.863666 | AA10: -0.004473 | AB10: -0.000762 | AC10: 0.022694 | AD10: 0.023918 | AE10: 0.053968 | AF10: 0.956 | AG10: 0 | AI10: x6 | AJ10: 5.86 | AK10: 5.850286 | AL10: -0.01412 | AM10: -0.00241 | AN10: 0.020969 | AO10: 0.022528 | AP10: 0.07434 | AQ10: 0.921 | AR10: 0
B11: y_bmi | C11: 0.0284 | D11: 0.025265 | E11: -0.003151738 | F11: 0.016397 | G11: 0.017709 | H11: 0.080011299 | I11: -0.11091216 | J11: 0.957 | K11: 0 | M11: y_bmi | N11: 0.0321 | O11: 0.038078 | P11: 0.0059693899 | Q11: 0.013713 | R11: 0.01579 | S11: 0.15143202 | T11: 0.1859137 | U11: 0.964 | V11: 0 | X11: y_bmi | Y11: 0.03 | Z11: 0.026459 | AA11: -0.001958 | AB11: -0.068901 | AC11: 0.01633 | AD11: 0.017684 | AE11: 0.0829 | AF11: 0.964 | AG11: 0 | AI11: y_bmi | AJ11: 0.03 | AK11: 0.039212 | AL11: 0.0071 | AM11: 0.22124 | AN11: 0.013781 | AO11: 0.015756 | AP11: 0.14336 | AQ11: 0.962 | AR11: 0
A13: [NO MI] | B13: [2][PROC GENMOD][IND CORR][NO MI][RR_glm][bghhsub_s2] | J13: =INDEX('Method Codes'!$B:$B, MATCH(B13, 'Method Codes'!$I:$I,0)) -> IND | K13: =INDEX('Method Codes'!H:H, MATCH(B13, 'Method Codes'!I:I,0)) -> 2A | M13: [2][PROC GENMOD][EXCH CORR][NO MI][RR_glm][bghhsub_s2] | U13: =INDEX('Method Codes'!$B:$B, MATCH(M13, 'Method Codes'!$I:$I,0)) -> EXCH | V13: =INDEX('Method Codes'!$H:$H, MATCH(M13, 'Method Codes'!$I:$I,0)) -> 2A | X13: [2][PROC GENMOD][IND CORR][NO MI][RR_glm][bghhsub_s2][SUDAAN TRUE] | AI13: [2][PROC GENMOD][EXCH CORR][NO MI][RR_glm][bghhsub_s2][SUDAAN TRUE] | AS13: [NO MI] | AU13: 2
B14: Effect | C14: True Value | D14: Estimate | E14: Empirical Bias | F14: Relative Bias | G14: Empirical SE | H14: Estimated SE | I14: Relative SE difference | J14: Coverage | K14: P(reject H0) | M14: Effect | N14: True Value | O14: Estimate | P14: Empirical Bias | Q14: Relative Bias | R14: Empirical SE | S14: Estimated SE | T14: Relative SE difference | U14: Coverage | V14: P(reject H0) | X14: Effect | Y14: True Value | Z14: Estimate | AA14: Empirical Bias | AB14: Relative Bias | AC14: Empirical SE | AD14: Estimated SE | AE14: Relative SE difference | AF14: Coverage | AG14: P(reject H0) | AI14: Effect | AJ14: True Value | AK14: Estimate | AL14: Empirical Bias | AM14: Relative Bias | AN14: Empirical SE | AO14: Estimated SE | AP14: Relative SE difference | AQ14: Coverage | AR14: P(reject H0)
B15: Intercept | C15: {=_xlfn.LET( _xlpm.keyA, J13, _xlpm.keyB, K13, _xlpm.rowKeys, B15:B21, _xlpm.colKeys, C14:K14, _xlpm.data, 'Batch Output'!$C:$Z, _xlpm.rowMatch, _xlfn.XMATCH(_xlpm.rowKeys, 'Batch Output'!$C:$C), _xlpm.colMatch, _xlfn.XMATCH(_xlpm.colKeys, 'Batch Output'!$1:$1), _xlpm.batchMatchRows, _xlfn._xlws.FILTER(ROW('Batch Output'!$A:$A), ('Batch Output'!$A:$A=_xlpm.keyA)*('Batch Output'!$B:$B=_xlpm.keyB)), _xlpm.firstMatchRow, INDEX(_xlpm.batchMatchRows, 1), INDEX(_xlpm.data, _xlpm.rowMatch + _xlpm.firstMatchRow - 2, _xlpm.colMatch - 2) )} -> 107.0774 | D15: 108.67323 | E15: 1.5958193 | F15: 1.476021 | G15: 1.454262 | H15: -0.014741699 | I15: 0.014903418 | J15: 0.811 | K15: 1 | M15: Intercept | N15: {=_xlfn.LET( _xlpm.keyA, U13, _xlpm.keyB, V13, _xlpm.rowKeys, M15:M21, _xlpm.colKeys, N14:V14, _xlpm.data, 'Batch Output'!$C:$Z, _xlpm.rowMatch, _xlfn.XMATCH(_xlpm.rowKeys, 'Batch Output'!$C:$C), _xlpm.colMatch, _xlfn.XMATCH(_xlpm.colKeys, 'Batch Output'!$1:$1), _xlpm.batchMatchRows, _xlfn._xlws.FILTER(ROW('Batch Output'!$A:$A), ('Batch Output'!$A:$A=_xlpm.keyA)*('Batch Output'!$B:$B=_xlpm.keyB)), _xlpm.firstMatchRow, INDEX(_xlpm.batchMatchRows, 1), INDEX(_xlpm.data, _xlpm.rowMatch + _xlpm.firstMatchRow - 2, _xlpm.colMatch - 2) )} -> 106.8125 | O15: 110.28618 | P15: 3.4737228 | Q15: 1.400649 | R15: 1.381191 | S15: -0.013891937 | T15: 0.032521701 | U15: 0.297 | V15: 1 | X15: Intercept | Y15: 107.08 | Z15: 108.7161 | AA15: 1.63872 | AB15: 0.0153 | AC15: 1.4509 | AD15: 1.4536 | AE15: 0.001891 | AF15: 0.788 | AG15: 1 | AI15: Intercept | AJ15: 106.81 | AK15: 110.2912 | AL15: 3.47874 | AM15: 0.03257 | AN15: 1.3848 | AO15: 1.3808 | AP15: -0.002916 | AQ15: 0.29 | AR15: 1 | AU15: V1 weights in fitting step
B16: age_strat_new | C16: -4.7686 | D16: -4.643123 | E16: 0.12551847 | F16: 0.549384 | G16: 0.54798 | H16: -0.002554454 | I16: -0.02632164 | J16: 0.943 | K16: 1 | M16: age_strat_new | N16: -4.7993 | O16: -4.600877 | P16: 0.19840508 | Q16: 0.546428 | R16: 0.551869 | S16: 0.0099577473 | T16: -0.041340576 | U16: 0.94 | V16: 1 | X16: age_strat_new | Y16: -4.77 | Z16: -4.6093 | AA16: 0.15932 | AB16: -0.03341 | AC16: 0.5626 | AD16: 0.5473 | AE16: -0.027131 | AF16: 0.946 | AG16: 1 | AI16: age_strat_new | AJ16: -4.8 | AK16: -4.581 | AL16: 0.21832 | AM16: -0.04549 | AN16: 0.5663 | AO16: 0.5525 | AP16: -0.024279 | AQ16: 0.928 | AR16: 1
B17: x12 | C17: 8.6967 | D17: 6.603724 | E17: -2.0929745 | F17: 0.332416 | G17: 0.32627 | H17: -0.018488642 | I17: -0.2406631 | J17: 0 | K17: 1 | M17: x12 | N17: 8.7022 | O17: 6.054166 | P17: -2.6480412 | Q17: 0.348446 | R17: 0.34387 | S17: -0.013133371 | T17: -0.30429534 | U17: 0 | V17: 1 | X17: x12 | Y17: 8.7 | Z17: 6.5949 | AA17: -2.1018 | AB17: -0.24168 | AC17: 0.3234 | AD17: 0.3256 | AE17: 0.00669 | AF17: 0 | AG17: 1 | AI17: x12 | AJ17: 8.7 | AK17: 6.059 | AL17: -2.64317 | AM17: -0.30374 | AN17: 0.344 | AO17: 0.3433 | AP17: -0.002098 | AQ17: 0 | AR17: 1
B18: x17 | C18: -1.6103 | D18: -1.934213 | E18: -0.32391876 | F18: 0.362362 | G18: 0.351039 | H18: -0.031247145 | I18: 0.20115497 | J18: 0.834 | K18: 1 | M18: x17 | N18: -1.5806 | O18: -2.335839 | P18: -0.75521355 | Q18: 0.348916 | R18: 0.343931 | S18: -0.014285968 | T18: 0.47779398 | U18: 0.423 | V18: 1 | X18: x17 | Y18: -1.61 | Z18: -1.9576 | AA18: -0.34734 | AB18: 0.2157 | AC18: 0.3486 | AD18: 0.3509 | AE18: 0.006702 | AF18: 0.834 | AG18: 1 | AI18: x17 | AJ18: -1.58 | AK18: -2.3485 | AL18: -0.76792 | AM18: 0.48584 | AN18: 0.3412 | AO18: 0.3436 | AP18: 0.006935 | AQ18: 0.397 | AR18: 1
B19: x18 | C19: -7.9152 | D19: -5.903691 | E19: 2.0114846 | F19: 0.409954 | G19: 0.420343 | H19: 0.02534211 | I19: -0.25413013 | J19: 0.001 | K19: 1 | M19: x18 | N19: -7.7764 | O19: -5.250221 | P19: 2.5262083 | Q19: 0.420879 | R19: 0.434742 | S19: 0.032938884 | T19: -0.32485455 | U19: 0 | V19: 1 | X19: x18 | Y19: -7.92 | Z19: -5.8924 | AA19: 2.0228 | AB19: -0.25556 | AC19: 0.4283 | AD19: 0.4205 | AE19: -0.018248 | AF19: 0.001 | AG19: 1 | AI19: x18 | AJ19: -7.78 | AK19: -5.2307 | AL19: 2.54572 | AM19: -0.32736 | AN19: 0.4485 | AO19: 0.435 | AP19: -0.030171 | AQ19: 0 | AR19: 1
B20: x6 | C20: 5.8681 | D20: 5.887471 | E20: 0.019331673 | F20: 0.030668 | G20: 0.030675 | H20: 0.0002468408 | I20: 0.0032943448 | J20: 0.908 | K20: 1 | M20: x6 | N20: 5.8644 | O20: 5.92699 | P20: 0.062579118 | Q20: 0.027499 | R20: 0.027351 | S20: -0.005364478 | T20: 0.010670998 | U20: 0.359 | V20: 1 | X20: x6 | Y20: 5.87 | Z20: 5.8861 | AA20: 0.01797 | AB20: 0.00306 | AC20: 0.0309 | AD20: 0.0305 | AE20: -0.012749 | AF20: 0.9 | AG20: 1 | AI20: x6 | AJ20: 5.86 | AK20: 5.9261 | AL20: 0.06166 | AM20: 0.01051 | AN20: 0.0273 | AO20: 0.0272 | AP20: -0.002391 | AQ20: 0.399 | AR20: 1
B21: y_bmi | C21: 0.0284 | D21: 0.031807 | E21: 0.0033906868 | F21: 0.01793 | G21: 0.017829 | H21: -0.00561925 | I21: 0.11932095 | J21: 0.947 | K21: 0.429 | M21: y_bmi | N21: 0.0321 | O21: 0.042995 | P21: 0.010886317 | Q21: 0.015392 | R21: 0.015321 | S21: -0.004613688 | T21: 0.33904895 | U21: 0.874 | V21: 0.803 | X21: y_bmi | Y21: 0.03 | Z21: 0.0331 | AA21: 0.00466 | AB21: 0.16388 | AC21: 0.0183 | AD21: 0.0178 | AE21: -0.028188 | AF21: 0.945 | AG21: 0.478 | AI21: y_bmi | AJ21: 0.03 | AK21: 0.0439 | AL21: 0.01176 | AM21: 0.36621 | AN21: 0.0154 | AO21: 0.0153 | AP21: -0.004561 | AQ21: 0.889 | AR21: 0.824
AU22: 2.1: use visit-level IPW weights instead of V1 weights
A23: [MI] [NOMISS V3] | B23: [PROC GENMOD][IND CORR][MI][RR_glm][NOMISS V3][bghhsub_s2] | M23: [PROC GENMOD][EXCH CORR][MI][RR_glm][NOMISS V3][bghhsub_s2] | X23: [PROC GENMOD][IND CORR][MI][RR_glm][NOMISS V3][bghhsub_s2][SUDAAN TRUE] | AI23: [PROC GENMOD][EXCH CORR][MI][RR_glm][NOMISS V3][bghhsub_s2][SUDAAN TRUE] | AS23: [MI] [NOMISS V3]
B24: Effect | C24: True Value | D24: Estimate | E24: Empirical Bias | F24: Relative Bias | G24: Empirical SE | H24: Estimated SE | I24: Relative SE difference | J24: Coverage | K24: P(reject H0) | M24: Effect | N24: True Value | O24: Estimate | P24: Empirical Bias | Q24: Relative Bias | R24: Empirical SE | S24: Estimated SE | T24: Relative SE difference | U24: Coverage | V24: P(reject H0) | X24: Effect | Y24: True Value | Z24: Estimate | AA24: Empirical Bias | AB24: Relative Bias | AC24: Empirical SE | AD24: Estimated SE | AE24: Relative SE difference | AF24: Coverage | AG24: P(reject H0) | AI24: Effect | AJ24: True Value | AK24: Estimate | AL24: Empirical Bias | AM24: Relative Bias | AN24: Empirical SE | AO24: Estimated SE | AP24: Relative SE difference | AQ24: Coverage | AR24: P(reject H0)
B25: Intercept | C25: 107.0774 | D25: 102.95711 | E25: -4.12029 | F25: -0.03848 | G25: 2.455818 | H25: 2.587164 | I25: 0.053484 | J25: 0.638 | K25: 0 | M25: Intercept | N25: 105.9799 | O25: 102.98236 | P25: -2.99757 | Q25: -0.02828 | R25: 2.651135 | S25: 2.748955 | T25: 0.036897 | U25: 0.805 | V25: 0 | X25: Intercept | Y25: 107.08 | Z25: 102.95711 | AA25: -4.12029 | AB25: -0.03848 | AC25: 2.455818 | AD25: 2.587164 | AE25: 0.053484 | AF25: 0.638 | AG25: 0 | AI25: Intercept | AJ25: 106.81 | AK25: 102.98236 | AL25: -3.83009 | AM25: -0.03586 | AN25: 2.651135 | AO25: 2.748955 | AP25: 0.036897 | AQ25: 0.703 | AR25: 0
B26: age_strat_new | C26: -4.7686 | D26: -4.218512 | E26: 0.55013 | F26: -0.11536 | G26: 0.989477 | H26: 1.023644 | I26: 0.034531 | J26: 0.929 | K26: 0 | M26: age_strat_new | N26: -5.1666 | O26: -4.160372 | P26: 1.0062 | Q26: -0.19475 | R26: 1.124162 | S26: 1.145951 | T26: 0.019383 | U26: 0.863 | V26: 0 | X26: age_strat_new | Y26: -4.77 | Z26: -4.218512 | AA26: 0.55013 | AB26: -0.11536 | AC26: 0.989477 | AD26: 1.023644 | AE26: 0.034531 | AF26: 0.929 | AG26: 0 | AI26: age_strat_new | AJ26: -4.8 | AK26: -4.160372 | AL26: 0.63891 | AM26: -0.13313 | AN26: 1.124162 | AO26: 1.145951 | AP26: 0.019383 | AQ26: 0.92 | AR26: 0
B27: x12 | C27: 8.6967 | D27: 8.547964 | E27: -0.14873 | F27: -0.0171 | G27: 0.560568 | H27: 0.561887 | I27: 0.002354 | J27: 0.948 | K27: 0 | M27: x12 | N27: 8.6968 | O27: 8.577834 | P27: -0.119 | Q27: -0.01368 | R27: 0.677665 | S27: 0.657046 | T27: -0.030426 | U27: 0.942 | V27: 0 | X27: x12 | Y27: 8.7 | Z27: 8.547964 | AA27: -0.14873 | AB27: -0.0171 | AC27: 0.560568 | AD27: 0.561887 | AE27: 0.002354 | AF27: 0.948 | AG27: 0 | AI27: x12 | AJ27: 8.7 | AK27: 8.577834 | AL27: -0.12437 | AM27: -0.01429 | AN27: 0.677665 | AO27: 0.657046 | AP27: -0.030426 | AQ27: 0.941 | AR27: 0
B28: x17 | C28: -1.6103 | D28: -1.04567 | E28: 0.56462 | F28: -0.35063 | G28: 0.571257 | H28: 0.600298 | I28: 0.050837 | J28: 0.856 | K28: 0 | M28: x17 | N28: -1.5934 | O28: -1.147678 | P28: 0.44576 | Q28: -0.27975 | R28: 0.627665 | S28: 0.637036 | T28: 0.014931 | U28: 0.89 | V28: 0 | X28: x17 | Y28: -1.61 | Z28: -1.04567 | AA28: 0.56462 | AB28: -0.35063 | AC28: 0.571257 | AD28: 0.600298 | AE28: 0.050837 | AF28: 0.856 | AG28: 0 | AI28: x17 | AJ28: -1.58 | AK28: -1.147678 | AL28: 0.43295 | AM28: -0.27391 | AN28: 0.627665 | AO28: 0.637036 | AP28: 0.014931 | AQ28: 0.893 | AR28: 0
B29: x18 | C29: -7.9152 | D29: -8.206118 | E29: -0.29094 | F29: 0.03676 | G29: 0.785912 | H29: 0.776122 | I29: -0.012458 | J29: 0.927 | K29: 0 | M29: x18 | N29: -7.9049 | O29: -8.118057 | P29: -0.21316 | Q29: 0.02697 | R29: 0.942763 | S29: 0.906104 | T29: -0.038884 | U29: 0.93 | V29: 0 | X29: x18 | Y29: -7.92 | Z29: -8.206118 | AA29: -0.29094 | AB29: 0.03676 | AC29: 0.785912 | AD29: 0.776122 | AE29: -0.012458 | AF29: 0.927 | AG29: 0 | AI29: x18 | AJ29: -7.78 | AK29: -8.118057 | AL29: -0.34163 | AM29: 0.04393 | AN29: 0.942763 | AO29: 0.906104 | AP29: -0.038884 | AQ29: 0.915 | AR29: 0
B30: x6 | C30: 5.8681 | D30: 6.048017 | E30: 0.17988 | F30: 0.03065 | G30: 0.056091 | H30: 0.05741 | I30: 0.023526 | J30: 0.134 | K30: 0 | M30: x6 | N30: 5.8287 | O30: 6.034798 | P30: 0.20614 | Q30: 0.03537 | R30: 0.058563 | S30: 0.06123 | T30: 0.045537 | U30: 0.122 | V30: 0 | X30: x6 | Y30: 5.87 | Z30: 6.048017 | AA30: 0.17988 | AB30: 0.03065 | AC30: 0.056091 | AD30: 0.05741 | AE30: 0.023526 | AF30: 0.134 | AG30: 0 | AI30: x6 | AJ30: 5.86 | AK30: 6.034798 | AL30: 0.17039 | AM30: 0.02905 | AN30: 0.058563 | AO30: 0.06123 | AP30: 0.045537 | AQ30: 0.21 | AR30: 0
B31: y_bmi | C31: 0.0284 | D31: 0.018427 | E31: -0.00999 | F31: -0.35154 | G31: 0.042598 | H31: 0.044226 | I31: 0.038208 | J31: 0.975 | K31: 0 | M31: y_bmi | N31: 0.068 | O31: 0.030219 | P31: -0.03782 | Q31: -0.55584 | R31: 0.046173 | S31: 0.047756 | T31: 0.034274 | U31: 0.919 | V31: 0 | X31: y_bmi | Y31: 0.03 | Z31: 0.018427 | AA31: -0.00999 | AB31: -0.35154 | AC31: 0.042598 | AD31: 0.044226 | AE31: 0.038208 | AF31: 0.975 | AG31: 0 | AI31: y_bmi | AJ31: 0.03 | AK31: 0.030219 | AL31: -0.00189 | AM31: -0.05883 | AN31: 0.046173 | AO31: 0.047756 | AP31: 0.034274 | AQ31: 0.979 | AR31: 0
A33: [MI] [NOMISS V3] | B33: [3][PROC GENMOD][IND CORR][MI][RR_glm][NOMISS V3][bghhsub_s2_v3_nr] | J33: =INDEX('Method Codes'!$B:$B, MATCH(B33, 'Method Codes'!$I:$I,0)) -> IND | K33: =INDEX('Method Codes'!H:H, MATCH(B33, 'Method Codes'!I:I,0)) -> 3A | M33: [3][PROC GENMOD][EXCH CORR][MI][RR_glm][NOMISS V3][bghhsub_s2_v3_nr] | U33: =INDEX('Method Codes'!$B:$B, MATCH(M33, 'Method Codes'!$I:$I,0)) -> EXCH | V33: =INDEX('Method Codes'!$H:$H, MATCH(M33, 'Method Codes'!$I:$I,0)) -> 3A | X33: [3][PROC GENMOD][IND CORR][MI][RR_glm][NOMISS V3][bghhsub_s2_v3_nr][SUDAAN TRUE] | AI33: [3][PROC GENMOD][EXCH CORR][MI][RR_glm][NOMISS V3][bghhsub_s2_v3_nr][SUDAAN TRUE] | AS33: [MI] [NOMISS V3]
B34: Effect | C34: True Value | D34: Estimate | E34: Empirical Bias | F34: Relative Bias | G34: Empirical SE | H34: Estimated SE | I34: Relative SE difference | J34: Coverage | K34: P(reject H0) | M34: Effect | N34: True Value | O34: Estimate | P34: Empirical Bias | Q34: Relative Bias | R34: Empirical SE | S34: Estimated SE | T34: Relative SE difference | U34: Coverage | V34: P(reject H0) | X34: Effect | Y34: True Value | Z34: Estimate | AA34: Empirical Bias | AB34: Relative Bias | AC34: Empirical SE | AD34: Estimated SE | AE34: Relative SE difference | AF34: Coverage | AG34: P(reject H0) | AI34: Effect | AJ34: True Value | AK34: Estimate | AL34: Empirical Bias | AM34: Relative Bias | AN34: Empirical SE | AO34: Estimated SE | AP34: Relative SE difference | AQ34: Coverage | AR34: P(reject H0) | AU34: 3
B35: Intercept | C35: {=_xlfn.LET( _xlpm.keyA, J33, _xlpm.keyB, K33, _xlpm.rowKeys, B35:B41, _xlpm.colKeys, C34:K34, _xlpm.data, 'Batch Output'!$C:$Z, _xlpm.rowMatch, _xlfn.XMATCH(_xlpm.rowKeys, 'Batch Output'!$C:$C), _xlpm.colMatch, _xlfn.XMATCH(_xlpm.colKeys, 'Batch Output'!$1:$1), _xlpm.batchMatchRows, _xlfn._xlws.FILTER(ROW('Batch Output'!$A:$A), ('Batch Output'!$A:$A=_xlpm.keyA)*('Batch Output'!$B:$B=_xlpm.keyB)), _xlpm.firstMatchRow, INDEX(_xlpm.batchMatchRows, 1), INDEX(_xlpm.data, _xlpm.rowMatch + _xlpm.firstMatchRow - 2, _xlpm.colMatch - 2) )} -> 107.0774 | D35: 107.01687 | E35: -0.060540082 | F35: 2.657191 | G35: 2.749209 | H35: 0.034629568 | I35: -0.000565386 | J35: 0.955 | K35: 0 | M35: Intercept | N35: {=_xlfn.LET( _xlpm.keyA, U33, _xlpm.keyB, V33, _xlpm.rowKeys, M35:M41, _xlpm.colKeys, N34:V34, _xlpm.data, 'Batch Output'!$C:$Z, _xlpm.rowMatch, _xlfn.XMATCH(_xlpm.rowKeys, 'Batch Output'!$C:$C), _xlpm.colMatch, _xlfn.XMATCH(_xlpm.colKeys, 'Batch Output'!$1:$1), _xlpm.batchMatchRows, _xlfn._xlws.FILTER(ROW('Batch Output'!$A:$A), ('Batch Output'!$A:$A=_xlpm.keyA)*('Batch Output'!$B:$B=_xlpm.keyB)), _xlpm.firstMatchRow, INDEX(_xlpm.batchMatchRows, 1), INDEX(_xlpm.data, _xlpm.rowMatch + _xlpm.firstMatchRow - 2, _xlpm.colMatch - 2) )} -> 106.8125 | O35: 107.36655 | P35: 0.55409432 | Q35: 3.230888 | R35: 3.306113 | S35: 0.023283156 | T35: 0.005187544 | U35: 0.949 | V35: 0 | X35: Intercept | Y35: 107.08 | Z35: 107.0543 | AA35: -0.0231 | AB35: -0.00022 | AC35: 2.697073 | AD35: 2.752775 | AE35: 0.020653 | AF35: 0.952 | AG35: 0 | AI35: Intercept | AJ35: 106.81 | AK35: 107.36186 | AL35: 0.54941 | AM35: 0.00514 | AN35: 3.209061 | AO35: 3.311775 | AP35: 0.032007 | AQ35: 0.943 | AR35: 0
B36: age_strat_new | C36: -4.7686 | D36: -5.043739 | E36: -0.27509719 | F36: 1.163428 | G36: 1.160315 | H36: -0.002675944 | I36: 0.057688796 | J36: 0.953 | K36: 0 | M36: age_strat_new | N36: -4.7993 | O36: -4.881287 | P36: -0.082004772 | Q36: 1.322258 | R36: 1.332442 | S36: 0.0077021496 | T36: 0.017086884 | U36: 0.961 | V36: 0 | X36: age_strat_new | Y36: -4.77 | Z36: -5.029648 | AA36: -0.26101 | AB36: 0.05473 | AC36: 1.162164 | AD36: 1.161337 | AE36: -0.000712 | AF36: 0.955 | AG36: 0 | AI36: age_strat_new | AJ36: -4.8 | AK36: -4.891761 | AL36: -0.09248 | AM36: 0.01927 | AN36: 1.316973 | AO36: 1.331685 | AP36: 0.011171 | AQ36: 0.96 | AR36: 0 | AU36: V3 sample + MI (with v1, v2, v3, IPW weights) + v3 IPW weights in fitting
B37: x12 | C37: 8.6967 | D37: 8.734776 | E37: 0.038077077 | F37: 0.633951 | G37: 0.630401 | H37: -0.005600024 | I37: 0.0043783369 | J37: 0.948 | K37: 0 | M37: x12 | N37: 8.7022 | O37: 8.734174 | P37: 0.031966465 | Q37: 0.717313 | R37: 0.693729 | S37: -0.032877594 | T37: 0.0036733744 | U37: 0.947 | V37: 0 | X37: x12 | Y37: 8.7 | Z37: 8.739232 | AA37: 0.04253 | AB37: 0.00489 | AC37: 0.614882 | AD37: 0.625931 | AE37: 0.017969 | AF37: 0.951 | AG37: 0 | AI37: x12 | AJ37: 8.7 | AK37: 8.739814 | AL37: 0.03761 | AM37: 0.00432 | AN37: 0.690579 | AO37: 0.689124 | AP37: -0.002106 | AQ37: 0.954 | AR37: 0
B38: x17 | C38: -1.6103 | D38: -1.306066 | E38: 0.30422904 | F38: 0.72019 | G38: 0.708292 | H38: -0.016520876 | I38: -0.18892757 | J38: 0.932 | K38: 0 | M38: x17 | N38: -1.5806 | O38: -1.436837 | P38: 0.14378863 | Q38: 0.880106 | R38: 0.862547 | S38: -0.019950744 | T38: -0.090969422 | U38: 0.95 | V38: 0 | X38: x17 | Y38: -1.61 | Z38: -1.33714 | AA38: 0.27315 | AB38: -0.16963 | AC38: 0.723672 | AD38: 0.706615 | AE38: -0.023569 | AF38: 0.932 | AG38: 0 | AI38: x17 | AJ38: -1.58 | AK38: -1.45497 | AL38: 0.12566 | AM38: -0.0795 | AN38: 0.881538 | AO38: 0.858368 | AP38: -0.026284 | AQ38: 0.949 | AR38: 0
B39: x18 | C39: -7.9152 | D39: -7.797711 | E39: 0.11746417 | F39: 0.81724 | G39: 0.822675 | H39: 0.0066499173 | I39: -0.014840374 | J39: 0.948 | K39: 0 | M39: x18 | N39: -7.7764 | O39: -7.79811 | P39: -0.021681434 | Q39: 0.903008 | R39: 0.901169 | S39: -0.002036483 | T39: 0.0027880965 | U39: 0.954 | V39: 0 | X39: x18 | Y39: -7.92 | Z39: -7.775615 | AA39: 0.13956 | AB39: -0.01763 | AC39: 0.832336 | AD39: 0.819308 | AE39: -0.015652 | AF39: 0.943 | AG39: 0 | AI39: x18 | AJ39: -7.78 | AK39: -7.728763 | AL39: 0.04767 | AM39: -0.00613 | AN39: 0.932676 | AO39: 0.897904 | AP39: -0.037282 | AQ39: 0.94 | AR39: 0
B40: x6 | C40: 5.8681 | D40: 5.907027 | E40: 0.038888087 | F40: 0.058436 | G40: 0.063544 | H40: 0.087423757 | I40: 0.0066269881 | J40: 0.95 | K40: 0 | M40: x6 | N40: 5.8644 | O40: 5.892187 | P40: 0.02777573 | Q40: 0.06445 | R40: 0.069494 | S40: 0.0782573 | T40: 0.0047363207 | U40: 0.966 | V40: 0 | X40: x6 | Y40: 5.87 | Z40: 5.904352 | AA40: 0.03621 | AB40: 0.00617 | AC40: 0.060449 | AD40: 0.063148 | AE40: 0.04465 | AF40: 0.948 | AG40: 0 | AI40: x6 | AJ40: 5.86 | AK40: 5.890148 | AL40: 0.02574 | AM40: 0.00439 | AN40: 0.065723 | AO40: 0.069316 | AP40: 0.05466 | AQ40: 0.974 | AR40: 0
B41: y_bmi | C41: 0.0284 | D41: -0.006987 | E41: -0.035403932 | F41: 0.049764 | G41: 0.052823 | H41: 0.061469334 | I41: -1.2458924 | J41: 0.951 | K41: 0 | M41: y_bmi | N41: 0.0321 | O41: 0.007868 | P41: -0.024240251 | Q41: 0.056615 | R41: 0.059601 | S41: 0.052731477 | T41: -0.75495065 | U41: 0.963 | V41: 0 | X41: y_bmi | Y41: 0.03 | Z41: -0.004237 | AA41: -0.03265 | AB41: -1.14909 | AC41: 0.050807 | AD41: 0.052906 | AE41: 0.041318 | AF41: 0.945 | AG41: 0 | AI41: y_bmi | AJ41: 0.03 | AK41: 0.010057 | AL41: -0.02205 | AM41: -0.68679 | AN41: 0.05699 | AO41: 0.059798 | AP41: 0.049269 | AQ41: 0.972 | AR41: 0
A43: [NO MI] [NOMISS V3] | B43: [4][PROC GENMOD][IND CORR][NO MI][RR_glm][NOMISS V3][bghhsub_s2_v3_nr] | J43: =INDEX('Method Codes'!$B:$B, MATCH(B43, 'Method Codes'!$I:$I,0)) -> IND | K43: =INDEX('Method Codes'!H:H, MATCH(B43, 'Method Codes'!I:I,0)) -> 4A | M43: [4][PROC GENMOD][EXCH CORR][NO MI][RR_glm][NOMISS V3][bghhsub_s2_v3_nr] | U43: =INDEX('Method Codes'!$B:$B, MATCH(M43, 'Method Codes'!$I:$I,0)) -> EXCH | V43: =INDEX('Method Codes'!$H:$H, MATCH(M43, 'Method Codes'!$I:$I,0)) -> 4A | X43: [4][PROC GENMOD][IND CORR][NO MI][RR_glm][NOMISS V3][bghhsub_s2_v3_nr][SUDAAN TRUE] | AI43: [4][PROC GENMOD][EXCH CORR][NO MI][RR_glm][NOMISS V3][bghhsub_s2_v3_nr][SUDAAN TRUE] | AS43: [NO MI] [NOMISS V3]
B44: Effect | C44: True Value | D44: Estimate | E44: Empirical Bias | F44: Relative Bias | G44: Empirical SE | H44: Estimated SE | I44: Relative SE difference | J44: Coverage | K44: P(reject H0) | M44: Effect | N44: True Value | O44: Estimate | P44: Empirical Bias | Q44: Relative Bias | R44: Empirical SE | S44: Estimated SE | T44: Relative SE difference | U44: Coverage | V44: P(reject H0) | X44: Effect | Y44: True Value | Z44: Estimate | AA44: Empirical Bias | AB44: Relative Bias | AC44: Empirical SE | AD44: Estimated SE | AE44: Relative SE difference | AF44: Coverage | AG44: P(reject H0) | AI44: Effect | AJ44: True Value | AK44: Estimate | AL44: Empirical Bias | AM44: Relative Bias | AN44: Empirical SE | AO44: Estimated SE | AP44: Relative SE difference | AQ44: Coverage | AR44: P(reject H0) | AU44: V3 sample + V3 IPW weights in fitting
B45: Intercept | C45: {=_xlfn.LET( _xlpm.keyA, J43, _xlpm.keyB, K43, _xlpm.rowKeys, B45:B51, _xlpm.colKeys, C44:K44, _xlpm.data, 'Batch Output'!$C:$Z, _xlpm.rowMatch, _xlfn.XMATCH(_xlpm.rowKeys, 'Batch Output'!$C:$C), _xlpm.colMatch, _xlfn.XMATCH(_xlpm.colKeys, 'Batch Output'!$1:$1), _xlpm.batchMatchRows, _xlfn._xlws.FILTER(ROW('Batch Output'!$A:$A), ('Batch Output'!$A:$A=_xlpm.keyA)*('Batch Output'!$B:$B=_xlpm.keyB)), _xlpm.firstMatchRow, INDEX(_xlpm.batchMatchRows, 1), INDEX(_xlpm.data, _xlpm.rowMatch + _xlpm.firstMatchRow - 2, _xlpm.colMatch - 2) )} -> 107.0774 | D45: 106.47679 | E45: -0.60061874 | F45: 2.19185 | G45: 2.20112 | H45: 0.0042294741 | I45: -0.005609201 | J45: 0.946 | K45: 1 | M45: Intercept | N45: {=_xlfn.LET( _xlpm.keyA, U43, _xlpm.keyB, V43, _xlpm.rowKeys, M45:M51, _xlpm.colKeys, N44:V44, _xlpm.data, 'Batch Output'!$C:$Z, _xlpm.rowMatch, _xlfn.XMATCH(_xlpm.rowKeys, 'Batch Output'!$C:$C), _xlpm.colMatch, _xlfn.XMATCH(_xlpm.colKeys, 'Batch Output'!$1:$1), _xlpm.batchMatchRows, _xlfn._xlws.FILTER(ROW('Batch Output'!$A:$A), ('Batch Output'!$A:$A=_xlpm.keyA)*('Batch Output'!$B:$B=_xlpm.keyB)), _xlpm.firstMatchRow, INDEX(_xlpm.batchMatchRows, 1), INDEX(_xlpm.data, _xlpm.rowMatch + _xlpm.firstMatchRow - 2, _xlpm.colMatch - 2) )} -> 106.8125 | O45: 107.10908 | P45: 0.29662125 | Q45: 2.629415 | R45: 2.623837 | S45: -0.002121215 | T45: 0.0027770286 | U45: 0.945 | V45: 1 | X45: Intercept | Y45: 107.08 | Z45: 106.5628 | AA45: -0.5146 | AB45: -0.00481 | AC45: 2.2493 | AD45: 2.1909 | AE45: -0.025963 | AF45: 0.946 | AG45: 1 | AI45: Intercept | AJ45: 106.81 | AK45: 107.1737 | AL45: 0.36121 | AM45: 0.00338 | AN45: 2.6972 | AO45: 2.6123 | AP45: -0.031475 | AQ45: 0.931 | AR45: 1
B46: age_strat_new | C46: -4.7686 | D46: -4.748997 | E46: 0.019644917 | F46: 0.876458 | G46: 0.897335 | H46: 0.023819082 | I46: -0.004119604 | J46: 0.953 | K46: 1 | M46: age_strat_new | N46: -4.7993 | O46: -4.675462 | P46: 0.12382006 | Q46: 1.037746 | R46: 1.044022 | S46: 0.0060479866 | T46: -0.025799706 | U46: 0.957 | V46: 0.996 | X46: age_strat_new | Y46: -4.77 | Z46: -4.7123 | AA46: 0.05636 | AB46: -0.01182 | AC46: 0.924 | AD46: 0.8905 | AE46: -0.03631 | AF46: 0.939 | AG46: 1 | AI46: age_strat_new | AJ46: -4.8 | AK46: -4.6572 | AL46: 0.14211 | AM46: -0.02961 | AN46: 1.073 | AO46: 1.0368 | AP46: -0.03377 | AQ46: 0.945 | AR46: 0.993
B47: x12 | C47: 8.6967 | D47: 8.619953 | E47: -0.076745836 | F47: 0.533213 | G47: 0.527358 | H47: -0.010979304 | I47: -0.008824709 | J47: 0.938 | K47: 1 | M47: x12 | N47: 8.7022 | O47: 8.619149 | P47: -0.083058248 | Q47: 0.617572 | R47: 0.59816 | S47: -0.031434015 | T47: -0.009544503 | U47: 0.935 | V47: 1 | X47: x12 | Y47: 8.7 | Z47: 8.6196 | AA47: -0.07706 | AB47: -0.00886 | AC47: 0.5201 | AD47: 0.5245 | AE47: 0.008442 | AF47: 0.952 | AG47: 1 | AI47: x12 | AJ47: 8.7 | AK47: 8.621 | AL47: -0.08121 | AM47: -0.00933 | AN47: 0.5999 | AO47: 0.5951 | AP47: -0.007959 | AQ47: 0.954 | AR47: 1
B48: x17 | C48: -1.6103 | D48: -1.526751 | E48: 0.083543517 | F48: 0.549475 | G48: 0.551727 | H48: 0.0040984194 | I48: -0.051880891 | J48: 0.95 | K48: 0.775 | M48: x17 | N48: -1.5806 | O48: -1.752356 | P48: -0.17172985 | Q48: 0.674192 | R48: 0.675222 | S48: 0.0015278427 | T48: 0.10864674 | U48: 0.941 | V48: 0.737 | X48: x17 | Y48: -1.61 | Z48: -1.5605 | AA48: 0.04982 | AB48: -0.03094 | AC48: 0.5609 | AD48: 0.5485 | AE48: -0.022122 | AF48: 0.944 | AG48: 0.802 | AI48: x17 | AJ48: -1.58 | AK48: -1.7776 | AL48: -0.19694 | AM48: 0.12459 | AN48: 0.6868 | AO48: 0.6701 | AP48: -0.024406 | AQ48: 0.928 | AR48: 0.743
B49: x18 | C49: -7.9152 | D49: -7.897553 | E49: 0.017623123 | F49: 0.690849 | G49: 0.692453 | H49: 0.0023226483 | I49: -0.002226498 | J49: 0.943 | K49: 1 | M49: x18 | N49: -7.7764 | O49: -7.855735 | P49: -0.07930599 | Q49: 0.779713 | R49: 0.777334 | S49: -0.003051531 | T49: 0.010198253 | U49: 0.951 | V49: 1 | X49: x18 | Y49: -7.92 | Z49: -7.8804 | AA49: 0.03479 | AB49: -0.00439 | AC49: 0.7192 | AD49: 0.6899 | AE49: -0.040808 | AF49: 0.945 | AG49: 1 | AI49: x18 | AJ49: -7.78 | AK49: -7.8093 | AL49: -0.03292 | AM49: 0.00423 | AN49: 0.8196 | AO49: 0.7746 | AP49: -0.054911 | AQ49: 0.943 | AR49: 1
B50: x6 | C50: 5.8681 | D50: 5.863875 | E50: -0.004264262 | F50: 0.039998 | G50: 0.041283 | H50: 0.032127374 | I50: -0.000726681 | J50: 0.951 | K50: 1 | M50: x6 | N50: 5.8644 | O50: 5.845042 | P50: -0.019368317 | Q50: 0.039044 | R50: 0.040112 | S50: 0.027343973 | T50: -0.003302688 | U50: 0.932 | V50: 1 | X50: x6 | Y50: 5.87 | Z50: 5.8623 | AA50: -0.00581 | AB50: -0.00099 | AC50: 0.0394 | AD50: 0.0411 | AE50: 0.04268 | AF50: 0.96 | AG50: 1 | AI50: x6 | AJ50: 5.86 | AK50: 5.8441 | AL50: -0.0203 | AM50: -0.00346 | AN50: 0.038 | AO50: 0.0399 | AP50: 0.050628 | AQ50: 0.936 | AR50: 1
B51: y_bmi | C51: 0.0284 | D51: 0.031569 | E51: 0.0031523783 | F51: 0.027108 | G51: 0.026209 | H51: -0.033127706 | I51: 0.11093469 | J51: 0.936 | K51: 0.241 | M51: y_bmi | N51: 0.0321 | O51: 0.051571 | P51: 0.01946283 | Q51: 0.02467 | R51: 0.023475 | S51: -0.048456844 | T51: 0.6061602 | U51: 0.85 | V51: 0.596 | X51: y_bmi | Y51: 0.03 | Z51: 0.0328 | AA51: 0.00443 | AB51: 0.15589 | AC51: 0.0275 | AD51: 0.026 | AE51: -0.054759 | AF51: 0.934 | AG51: 0.258 | AI51: y_bmi | AJ51: 0.03 | AK51: 0.0523 | AL51: 0.02018 | AM51: 0.62856 | AN51: 0.0247 | AO51: 0.0233 | AP51: -0.057433 | AQ51: 0.846 | AR51: 0.631
A53: [MI] [NOMISS] | B53: [5][PROC GENMOD][IND CORR][MI][RR_glm][bghhsub_s2_nr] | J53: =INDEX('Method Codes'!$B:$B, MATCH(B53, 'Method Codes'!$I:$I,0)) -> IND | K53: =INDEX('Method Codes'!H:H, MATCH(B53, 'Method Codes'!I:I,0)) -> 5A | M53: [5][PROC GENMOD][EXCH CORR][MI][RR_glm][bghhsub_s2_nr] | U53: =INDEX('Method Codes'!$B:$B, MATCH(M53, 'Method Codes'!$I:$I,0)) -> EXCH | V53: =INDEX('Method Codes'!$H:$H, MATCH(M53, 'Method Codes'!$I:$I,0)) -> 5A | X53: [5][PROC GENMOD][IND CORR][MI][RR_glm][bghhsub_s2_nr][SUDAAN TRUE] | AI53: [5][PROC GENMOD][EXCH CORR][MI][RR_glm][bghhsub_s2_nr][SUDAAN TRUE] | AS53: [MI] [IPW]
B54: Effect | C54: True Value | D54: Estimate | E54: Empirical Bias | F54: Relative Bias | G54: Empirical SE | H54: Estimated SE | I54: Relative SE difference | J54: Coverage | K54: P(reject H0) | M54: Effect | N54: True Value | O54: Estimate | P54: Empirical Bias | Q54: Relative Bias | R54: Empirical SE | S54: Estimated SE | T54: Relative SE difference | U54: Coverage | V54: P(reject H0) | X54: Effect | Y54: True Value | Z54: Estimate | AA54: Empirical Bias | AB54: Relative Bias | AC54: Empirical SE | AD54: Estimated SE | AE54: Relative SE difference | AF54: Coverage | AG54: P(reject H0) | AI54: Effect | AJ54: True Value | AK54: Estimate | AL54: Empirical Bias | AM54: Relative Bias | AN54: Empirical SE | AO54: Estimated SE | AP54: Relative SE difference | AQ54: Coverage | AR54: P(reject H0)
B55: Intercept | C55: {=_xlfn.LET( _xlpm.keyA, J53, _xlpm.keyB, K53, _xlpm.rowKeys, B55:B61, _xlpm.colKeys, C54:K54, _xlpm.data, 'Batch Output'!$C:$Z, _xlpm.rowMatch, _xlfn.XMATCH(_xlpm.rowKeys, 'Batch Output'!$C:$C), _xlpm.colMatch, _xlfn.XMATCH(_xlpm.colKeys, 'Batch Output'!$1:$1), _xlpm.batchMatchRows, _xlfn._xlws.FILTER(ROW('Batch Output'!$A:$A), ('Batch Output'!$A:$A=_xlpm.keyA)*('Batch Output'!$B:$B=_xlpm.keyB)), _xlpm.firstMatchRow, INDEX(_xlpm.batchMatchRows, 1), INDEX(_xlpm.data, _xlpm.rowMatch + _xlpm.firstMatchRow - 2, _xlpm.colMatch - 2) )} -> 107.0774 | D55: 107.3355 | E55: 0.25809255 | F55: 1.697394 | G55: 1.86075 | H55: 0.096239581 | I55: 0.0024103362 | J55: 0.965 | K55: 0 | M55: Intercept | N55: {=_xlfn.LET( _xlpm.keyA, U53, _xlpm.keyB, V53, _xlpm.rowKeys, M55:M61, _xlpm.colKeys, N54:V54, _xlpm.data, 'Batch Output'!$C:$Z, _xlpm.rowMatch, _xlfn.XMATCH(_xlpm.rowKeys, 'Batch Output'!$C:$C), _xlpm.colMatch, _xlfn.XMATCH(_xlpm.colKeys, 'Batch Output'!$1:$1), _xlpm.batchMatchRows, _xlfn._xlws.FILTER(ROW('Batch Output'!$A:$A), ('Batch Output'!$A:$A=_xlpm.keyA)*('Batch Output'!$B:$B=_xlpm.keyB)), _xlpm.firstMatchRow, INDEX(_xlpm.batchMatchRows, 1), INDEX(_xlpm.data, _xlpm.rowMatch + _xlpm.firstMatchRow - 2, _xlpm.colMatch - 2) )} -> 106.8125 | O55: 106.70109 | P55: -0.11136549 | Q55: 2.128742 | R55: 2.385754 | S55: 0.12073461 | T55: -0.001042626 | U55: 0.972 | V55: 0 | X55: Intercept | Y55: 107.08 | Z55: 107.34111 | AA55: 0.2637 | AB55: 0.00246 | AC55: 1.71087 | AD55: 1.86801 | AE55: 0.09185 | AF55: 0.965 | AG55: 0 | AI55: Intercept | AJ55: 106.81 | AK55: 106.66737 | AL55: -0.14508 | AM55: -0.00136 | AN55: 2.137539 | AO55: 2.39606 | AP55: 0.12094 | AQ55: 0.977 | AR55: 0
B56: age_strat_new | C56: -4.7686 | D56: -5.000014 | E56: -0.23137213 | F56: 0.681127 | G56: 0.739234 | H56: 0.085310035 | I56: 0.048519504 | J56: 0.954 | K56: 0 | M56: age_strat_new | N56: -4.7993 | O56: -4.983669 | P56: -0.18438744 | Q56: 0.826996 | R56: 0.908876 | S56: 0.099009546 | T56: 0.038419798 | U56: 0.966 | V56: 0 | X56: age_strat_new | Y56: -4.77 | Z56: -4.993298 | AA56: -0.22466 | AB56: 0.04711 | AC56: 0.708957 | AD56: 0.741418 | AE56: 0.04579 | AF56: 0.962 | AG56: 0 | AI56: age_strat_new | AJ56: -4.8 | AK56: -4.986798 | AL56: -0.18752 | AM56: 0.03907 | AN56: 0.858499 | AO56: 0.912109 | AP56: 0.06245 | AQ56: 0.965 | AR56: 0
B57: x12 | C57: 8.6967 | D57: 10.572397 | E57: 1.8756978 | F57: 0.391634 | G57: 0.409742 | H57: 0.046238616 | I57: 0.21567929 | J57: 0.004 | K57: 0 | M57: x12 | N57: 8.7022 | O57: 11.222224 | P57: 2.5200162 | Q57: 0.463294 | R57: 0.455832 | S57: -0.016105675 | T57: 0.28958356 | U57: 0.001 | V57: 0 | X57: x12 | Y57: 8.7 | Z57: 10.565616 | AA57: 1.86892 | AB57: 0.2149 | AC57: 0.378825 | AD57: 0.40844 | AE57: 0.07818 | AF57: 0.003 | AG57: 0 | AI57: x12 | AJ57: 8.7 | AK57: 11.235998 | AL57: 2.53379 | AM57: 0.29117 | AN57: 0.427244 | AO57: 0.454553 | AP57: 0.06392 | AQ57: 0 | AR57: 0
B58: x17 | C58: -1.6103 | D58: -1.353681 | E58: 0.25661312 | F58: 0.436249 | G58: 0.465442 | H58: 0.066920031 | I58: -0.15935787 | J58: 0.931 | K58: 0 | M58: x17 | N58: -1.5806 | O58: -1.147164 | P58: 0.43346159 | Q58: 0.591796 | R58: 0.642396 | S58: 0.085502385 | T58: -0.27423414 | U58: 0.925 | V58: 0 | X58: x17 | Y58: -1.61 | Z58: -1.370218 | AA58: 0.24008 | AB58: -0.14909 | AC58: 0.428764 | AD58: 0.465104 | AE58: 0.08476 | AF58: 0.947 | AG58: 0 | AI58: x17 | AJ58: -1.58 | AK58: -1.155437 | AL58: 0.42519 | AM58: -0.269 | AN58: 0.589751 | AO58: 0.640558 | AP58: 0.08615 | AQ58: 0.932 | AR58: 0
B59: x18 | C59: -7.9152 | D59: -9.414639 | E59: -1.499463 | F59: 0.441101 | G59: 0.481159 | H59: 0.090812975 | I59: 0.18944154 | J59: 0.123 | K59: 0 | M59: x18 | N59: -7.7764 | O59: -9.916203 | P59: -2.1397736 | Q59: 0.493999 | R59: 0.532247 | S59: 0.07742534 | T59: 0.27516147 | U59: 0.023 | V59: 0 | X59: x18 | Y59: -7.92 | Z59: -9.410226 | AA59: -1.49505 | AB59: 0.18888 | AC59: 0.452643 | AD59: 0.481727 | AE59: 0.06425 | AF59: 0.122 | AG59: 0 | AI59: x18 | AJ59: -7.78 | AK59: -9.907388 | AL59: -2.13096 | AM59: 0.27403 | AN59: 0.510483 | AO59: 0.532058 | AP59: 0.04227 | AQ59: 0.029 | AR59: 0
B60: x6 | C60: 5.8681 | D60: 5.828757 | E60: -0.039382202 | F60: 0.033069 | G60: 0.036788 | H60: 0.11245626 | I60: -0.006711191 | J60: 0.832 | K60: 0 | M60: x6 | N60: 5.8644 | O60: 5.79863 | P60: -0.065780943 | Q60: 0.031969 | R60: 0.03602 | S60: 0.12672207 | T60: -0.011216974 | U60: 0.593 | V60: 0 | X60: x6 | Y60: 5.87 | Z60: 5.825088 | AA60: -0.04305 | AB60: -0.00734 | AC60: 0.033408 | AD60: 0.036938 | AE60: 0.10566 | AF60: 0.823 | AG60: 0 | AI60: x6 | AJ60: 5.86 | AK60: 5.794571 | AL60: -0.06984 | AM60: -0.01191 | AN60: 0.032275 | AO60: 0.03631 | AP60: 0.12503 | AQ60: 0.546 | AR60: 0
B61: y_bmi | C61: 0.0284 | D61: 0.000165 | E61: -0.028251627 | F61: 0.026287 | G61: 0.030129 | H61: 0.14612365 | I61: -0.99419712 | J61: 0.914 | K61: 0 | M61: y_bmi | N61: 0.0321 | O61: 0.004207 | P61: -0.027900947 | Q61: 0.026571 | R61: 0.030508 | S61: 0.14817514 | T61: -0.86896121 | U61: 0.94 | V61: 0 | X61: y_bmi | Y61: 0.03 | Z61: 0.002469 | AA61: -0.02595 | AB61: -0.91312 | AC61: 0.026992 | AD61: 0.030316 | AE61: 0.12312 | AF61: 0.909 | AG61: 0 | AI61: y_bmi | AJ61: 0.03 | AK61: 0.006654 | AL61: -0.02545 | AM61: -0.79277 | AN61: 0.027684 | AO61: 0.030709 | AP61: 0.10926 | AQ61: 0.927 | AR61: 0
A63: [NO MI] [NOMISS] | B63: [6][PROC GENMOD][IND CORR][NO MI][RR_glm][bghhsub_s2_nr] | J63: =INDEX('Method Codes'!$B:$B, MATCH(B63, 'Method Codes'!$I:$I,0)) -> IND | K63: =INDEX('Method Codes'!H:H, MATCH(B63, 'Method Codes'!I:I,0)) -> 6A | M63: [6][PROC GENMOD][EXCH CORR][NO MI][RR_glm][bghhsub_s2_nr] | U63: =INDEX('Method Codes'!$B:$B, MATCH(M63, 'Method Codes'!$I:$I,0)) -> EXCH | V63: =INDEX('Method Codes'!$H:$H, MATCH(M63, 'Method Codes'!$I:$I,0)) -> 6A | X63: [6][PROC GENMOD][IND CORR][NO MI][RR_glm][bghhsub_s2_nr][SUDAAN TRUE] | AI63: [6][PROC GENMOD][EXCH CORR][NO MI][RR_glm][bghhsub_s2_nr][SUDAAN TRUE] | AS63: [NO MI] [IPW]
B64: Effect | C64: True Value | D64: Estimate | E64: Empirical Bias | F64: Relative Bias | G64: Empirical SE | H64: Estimated SE | I64: Relative SE difference | J64: Coverage | K64: P(reject H0) | M64: Effect | N64: True Value | O64: Estimate | P64: Empirical Bias | Q64: Relative Bias | R64: Empirical SE | S64: Estimated SE | T64: Relative SE difference | U64: Coverage | V64: P(reject H0) | X64: Effect | Y64: True Value | Z64: Estimate | AA64: Empirical Bias | AB64: Relative Bias | AC64: Empirical SE | AD64: Estimated SE | AE64: Relative SE difference | AF64: Coverage | AG64: P(reject H0) | AI64: Effect | AJ64: True Value | AK64: Estimate | AL64: Empirical Bias | AM64: Relative Bias | AN64: Empirical SE | AO64: Estimated SE | AP64: Relative SE difference | AQ64: Coverage | AR64: P(reject H0)
B65: Intercept | C65: {=_xlfn.LET( _xlpm.keyA, J63, _xlpm.keyB, K63, _xlpm.rowKeys, B65:B71, _xlpm.colKeys, C64:K64, _xlpm.data, 'Batch Output'!$C:$Z, _xlpm.rowMatch, _xlfn.XMATCH(_xlpm.rowKeys, 'Batch Output'!$C:$C), _xlpm.colMatch, _xlfn.XMATCH(_xlpm.colKeys, 'Batch Output'!$1:$1), _xlpm.batchMatchRows, _xlfn._xlws.FILTER(ROW('Batch Output'!$A:$A), ('Batch Output'!$A:$A=_xlpm.keyA)*('Batch Output'!$B:$B=_xlpm.keyB)), _xlpm.firstMatchRow, INDEX(_xlpm.batchMatchRows, 1), INDEX(_xlpm.data, _xlpm.rowMatch + _xlpm.firstMatchRow - 2, _xlpm.colMatch - 2) )} -> 107.0774 | D65: 107.11582 | E65: 0.038411645 | F65: 1.731235 | G65: 1.701174 | H65: -0.017364234 | I65: 0.0003587278 | J65: 0.949 | K65: 1 | M65: Intercept | N65: {=_xlfn.LET( _xlpm.keyA, U63, _xlpm.keyB, V63, _xlpm.rowKeys, M65:M71, _xlpm.colKeys, N64:V64, _xlpm.data, 'Batch Output'!$C:$Z, _xlpm.rowMatch, _xlfn.XMATCH(_xlpm.rowKeys, 'Batch Output'!$C:$C), _xlpm.colMatch, _xlfn.XMATCH(_xlpm.colKeys, 'Batch Output'!$1:$1), _xlpm.batchMatchRows, _xlfn._xlws.FILTER(ROW('Batch Output'!$A:$A), ('Batch Output'!$A:$A=_xlpm.keyA)*('Batch Output'!$B:$B=_xlpm.keyB)), _xlpm.firstMatchRow, INDEX(_xlpm.batchMatchRows, 1), INDEX(_xlpm.data, _xlpm.rowMatch + _xlpm.firstMatchRow - 2, _xlpm.colMatch - 2) )} -> 106.8125 | O65: 107.07844 | P65: 0.26598037 | Q65: 2.098002 | R65: 2.054794 | S65: -0.020594628 | T65: 0.0024901625 | U65: 0.935 | V65: 1 | X65: Intercept | Y65: 107.08 | Z65: 107.1886 | AA65: 0.11116 | AB65: 0.001038 | AC65: 1.7302 | AD65: 1.6946 | AE65: -0.020586 | AF65: 0.947 | AG65: 1 | AI65: Intercept | AJ65: 106.81 | AK65: 107.1418 | AL65: 0.32939 | AM65: 0.00308 | AN65: 2.0893 | AO65: 2.0453 | AP65: -0.021054 | AQ65: 0.946 | AR65: 1
B66: age_strat_new | C66: -4.7686 | D66: -4.766865 | E66: 0.0017770285 | F66: 0.651832 | G66: 0.651545 | H66: -0.000440934 | I66: -0.000372649 | J66: 0.952 | K66: 1 | M66: age_strat_new | N66: -4.7993 | O66: -4.774802 | P66: 0.024479894 | Q66: 0.76163 | R66: 0.75766 | S66: -0.005213345 | T66: -0.005100741 | U66: 0.95 | V66: 1 | X66: age_strat_new | Y66: -4.77 | Z66: -4.7277 | AA66: 0.04089 | AB66: -0.008576 | AC66: 0.6738 | AD66: 0.6482 | AE66: -0.038062 | AF66: 0.94 | AG66: 1 | AI66: age_strat_new | AJ66: -4.8 | AK66: -4.7437 | AL66: 0.05555 | AM66: -0.01158 | AN66: 0.7736 | AO66: 0.7538 | AP66: -0.025544 | AQ66: 0.951 | AR66: 1
B67: x12 | C67: 8.6967 | D67: 8.698807 | E67: 0.0021080547 | F67: 0.392366 | G67: 0.386036 | H67: -0.016132925 | I67: 0.0002423971 | J67: 0.944 | K67: 1 | M67: x12 | N67: 8.7022 | O67: 9.12878 | P67: 0.42657278 | Q67: 0.43515 | R67: 0.42569 | S67: -0.021740353 | T67: 0.049018917 | U67: 0.837 | V67: 1 | X67: x12 | Y67: 8.7 | Z67: 8.6948 | AA67: -0.0019 | AB67: -0.000219 | AC67: 0.3789 | AD67: 0.3844 | AE67: 0.014593 | AF67: 0.963 | AG67: 1 | AI67: x12 | AJ67: 8.7 | AK67: 9.1404 | AL67: 0.43822 | AM67: 0.05036 | AN67: 0.4148 | AO67: 0.4238 | AP67: 0.021704 | AQ67: 0.832 | AR67: 1
B68: x17 | C68: -1.6103 | D68: -1.616143 | E68: -0.005848406 | F68: 0.416992 | G68: 0.408792 | H68: -0.019665081 | I68: 0.003631886 | J68: 0.947 | K68: 0.974 | M68: x17 | N68: -1.5806 | O68: -1.685664 | P68: -0.10503833 | Q68: 0.51623 | R68: 0.510036 | S68: -0.011996878 | T68: 0.066453633 | U68: 0.934 | V68: 0.906 | X68: x17 | Y68: -1.61 | Z68: -1.6477 | AA68: -0.0374 | AB68: 0.023224 | AC68: 0.4089 | AD68: 0.4072 | AE68: -0.004046 | AF68: 0.95 | AG68: 0.983 | AI68: x17 | AJ68: -1.58 | AK68: -1.7146 | AL68: -0.13393 | AM68: 0.08473 | AN68: 0.5103 | AO68: 0.5069 | AP68: -0.006728 | AQ68: 0.942 | AR68: 0.899
B69: x18 | C69: -7.9152 | D69: -7.917092 | E69: -0.001916244 | F69: 0.486799 | G69: 0.488238 | H69: 0.002956769 | I69: 0.0002420975 | J69: 0.942 | K69: 1 | M69: x18 | N69: -7.7764 | O69: -8.21801 | P69: -0.44158113 | Q69: 0.522785 | R69: 0.529862 | S69: 0.013536804 | T69: 0.056784565 | U69: 0.87 | V69: 1 | X69: x18 | Y69: -7.92 | Z69: -7.9037 | AA69: 0.0115 | AB69: -0.001453 | AC69: 0.5042 | AD69: 0.4875 | AE69: -0.033209 | AF69: 0.947 | AG69: 1 | AI69: x18 | AJ69: -7.78 | AK69: -8.1984 | AL69: -0.42199 | AM69: 0.05427 | AN69: 0.5554 | AO69: 0.5283 | AP69: -0.048793 | AQ69: 0.869 | AR69: 1
B70: x6 | C70: 5.8681 | D70: 5.86807 | E70: -6.8715e-05 | F70: 0.038402 | G70: 0.040142 | H70: 0.045307474 | I70: -1.171e-05 | J70: 0.96 | K70: 1 | M70: x6 | N70: 5.8644 | O70: 5.880189 | P70: 0.015777875 | Q70: 0.035276 | R70: 0.036304 | S70: 0.029136636 | T70: 0.0026904452 | U70: 0.934 | V70: 1 | X70: x6 | Y70: 5.87 | Z70: 5.8668 | AA70: -0.0013 | AB70: -0.000222 | AC70: 0.0391 | AD70: 0.0397 | AE70: 0.017308 | AF70: 0.954 | AG70: 1 | AI70: x6 | AJ70: 5.86 | AK70: 5.8791 | AL70: 0.01472 | AM70: 0.00251 | AN70: 0.0354 | AO70: 0.0359 | AP70: 0.01383 | AQ70: 0.933 | AR70: 1
B71: y_bmi | C71: 0.0284 | D71: 0.028161 | E71: -0.000255168 | F71: 0.022646 | G71: 0.022077 | H71: -0.025147235 | I71: -0.008979549 | J71: 0.938 | K71: 0.255 | M71: y_bmi | N71: 0.0321 | O71: 0.037424 | P71: 0.0053151108 | Q71: 0.021876 | R71: 0.021207 | S71: -0.03059751 | T71: 0.1655365 | U71: 0.924 | V71: 0.44 | X71: y_bmi | Y71: 0.03 | Z71: 0.0295 | AA71: 0.00106 | AB71: 0.037267 | AC71: 0.0231 | AD71: 0.0218 | AE71: -0.055557 | AF71: 0.942 | AG71: 0.306 | AI71: y_bmi | AJ71: 0.03 | AK71: 0.0385 | AL71: 0.00639 | AM71: 0.19895 | AN71: 0.0222 | AO71: 0.021 | AP71: -0.05425 | AQ71: 0.929 | AR71: 0.463

Sheet Coverages (RR_glm_strat)
B1: SAMPLEMISS_1 - SAMPLEMISS_1000 | X1: SUDAAN-Based True Values (SAMPLEMISS_1 - SAMPLEMISS_1000)
B2: [IND CORR][GEE True] | M2: [EXCH CORR][SUDAAN TRUE] | X2: [IND CORR] | AI2: [EXCH CORR]
A3: [MI] | B3: [1][PROC GENMOD][IND CORR][MI][RR_glm_strat][bghhsub_s2] | J3: =INDEX('Method Codes'!$B:$B, MATCH(B3, 'Method Codes'!$I:$I,0)) -> IND | K3: =INDEX('Method Codes'!$H:$H, MATCH(B3, 'Method Codes'!$I:$I,0)) -> 1C | M3: [1][PROC GENMOD][EXCH CORR][MI][RR_glm_strat][bghhsub_s2] | U3: =INDEX('Method Codes'!$B:$B, MATCH(M3, 'Method Codes'!$I:$I,0)) -> EXCH | V3: =INDEX('Method Codes'!$H:$H, MATCH(M3, 'Method Codes'!$I:$I,0)) -> 1C | X3: [1][PROC GENMOD][IND CORR][MI][RR_glm_strat][bghhsub_s2][SUDAAN TRUE] | AI3: [1][PROC GENMOD][EXCH CORR][MI][RR_glm_strat][bghhsub_s2][SUDAAN TRUE] | AS3: [MI] | AU3: 1
B4: Effect | C4: True Value | D4: Estimate | E4: Empirical Bias | F4: Relative Bias | G4: Empirical SE | H4: Estimated SE | I4: Relative SE difference | J4: Coverage | K4: P(reject H0) | M4: Effect | N4: True Value | O4: Estimate | P4: Empirical Bias | Q4: Relative Bias | R4: Empirical SE | S4: Estimated SE | T4: Relative SE difference | U4: Coverage | V4: P(reject H0) | X4: Effect | Y4: True Value | Z4: Estimate | AA4: Empirical Bias | AB4: Relative Bias | AC4: Empirical SE | AD4: Estimated SE | AE4: Relative SE difference | AF4: Coverage | AG4: P(reject H0) | AI4: Effect | AJ4: True Value | AK4: Estimate | AL4: Empirical Bias | AM4: Relative Bias | AN4: Empirical SE | AO4: Estimated SE | AP4: Relative SE difference | AQ4: Coverage | AR4: P(reject H0) | AU4: IPW weights in MI step
B5: Intercept | C5: {=_xlfn.LET( _xlpm.keyA, J3, _xlpm.keyB, K3, _xlpm.rowKeys, B5:B11, _xlpm.colKeys, C4:K4, _xlpm.data, 'Batch Output'!$C:$Z, _xlpm.rowMatch, _xlfn.XMATCH(_xlpm.rowKeys, 'Batch Output'!$C:$C), _xlpm.colMatch, _xlfn.XMATCH(_xlpm.colKeys, 'Batch Output'!$1:$1), _xlpm.batchMatchRows, _xlfn._xlws.FILTER(ROW('Batch Output'!$A:$A), ('Batch Output'!$A:$A=_xlpm.keyA)*('Batch Output'!$B:$B=_xlpm.keyB)), _xlpm.firstMatchRow, INDEX(_xlpm.batchMatchRows, 1), INDEX(_xlpm.data, _xlpm.rowMatch + _xlpm.firstMatchRow - 2, _xlpm.colMatch - 2) )} -> 107.0774 | D5: 107.11105 | E5: 0.0336422 | F5: 1.371326 | G5: 1.358079 | H5: -0.009660185 | I5: 0.0003141858 | J5: 0.946 | K5: 0 | M5: Intercept | N5: {=_xlfn.LET( _xlpm.keyA, U3, _xlpm.keyB, V3, _xlpm.rowKeys, M5:M11, _xlpm.colKeys, N4:V4, _xlpm.data, 'Batch Output'!$C:$Z, _xlpm.rowMatch, _xlfn.XMATCH(_xlpm.rowKeys, 'Batch Output'!$C:$C), _xlpm.colMatch, _xlfn.XMATCH(_xlpm.colKeys, 'Batch Output'!$1:$1), _xlpm.batchMatchRows, _xlfn._xlws.FILTER(ROW('Batch Output'!$A:$A), ('Batch Output'!$A:$A=_xlpm.keyA)*('Batch Output'!$B:$B=_xlpm.keyB)), _xlpm.firstMatchRow, INDEX(_xlpm.batchMatchRows, 1), INDEX(_xlpm.data, _xlpm.rowMatch + _xlpm.firstMatchRow - 2, _xlpm.colMatch - 2) )} -> 106.8125 | O5: 107.23872 | P5: 0.4262627 | Q5: 1.398466 | R5: 1.393958 | S5: -0.003222885 | T5: 0.0039907583 | U5: 0.939 | V5: 0 | X5: Intercept | Y5: 107.08 | Z5: 107.11105 | AA5: 0.033642 | AB5: 0.000314 | AC5: 1.371326 | AD5: 1.358079 | AE5: -0.00966 | AF5: 0.946 | AG5: 0 | AI5: Intercept | AJ5: 106.81 | AK5: 107.23872 | AL5: 0.42626 | AM5: 0.00399 | AN5: 1.398466 | AO5: 1.393958 | AP5: -0.00322 | AQ5: 0.939 | AR5: 0 | AU5: V1 weights in fitting step
B6: age_strat_new | C6: -4.7686 | D6: -4.778272 | E6: -0.009630731 | F6: 0.514222 | G6: 0.52087 | H6: 0.01292924 | I6: 0.0020195963 | J6: 0.953 | K6: 0 | M6: age_strat_new | N6: -4.7993 | O6: -4.754387 | P6: 0.044894695 | Q6: 0.56942 | R6: 0.563645 | S6: -0.010142179 | T6: -0.009354461 | U6: 0.947 | V6: 0 | X6: age_strat_new | Y6: -4.77 | Z6: -4.778272 | AA6: -0.009631 | AB6: 0.00202 | AC6: 0.514222 | AD6: 0.52087 | AE6: 0.012929 | AF6: 0.953 | AG6: 0 | AI6: age_strat_new | AJ6: -4.8 | AK6: -4.754387 | AL6: 0.04489 | AM6: -0.00935 | AN6: 0.56942 | AO6: 0.563645 | AP6: -0.01014 | AQ6: 0.947 | AR6: 0
B7: x12 | C7: 8.6967 | D7: 8.695056 | E7: -0.001642855 | F7: 0.311997 | G7: 0.305913 | H7: -0.019501244 | I7: -0.000188906 | J7: 0.945 | K7: 0 | M7: x12 | N7: 8.7022 | O7: 8.699097 | P7: -0.003110034 | Q7: 0.355339 | R7: 0.343273 | S7: -0.033957926 | T7: -0.000357385 | U7: 0.948 | V7: 0 | X7: x12 | Y7: 8.7 | Z7: 8.695056 | AA7: -0.001643 | AB7: -0.000189 | AC7: 0.311997 | AD7: 0.305913 | AE7: -0.019501 | AF7: 0.945 | AG7: 0 | AI7: x12 | AJ7: 8.7 | AK7: 8.699097 | AL7: -0.00311 | AM7: -0.00036 | AN7: 0.355339 | AO7: 0.343273 | AP7: -0.03396 | AQ7: 0.948 | AR7: 0 | AU7: IPW weights = base weights / RR
B8: x17 | C8: -1.6103 | D8: -1.6152 | E8: -0.0049051 | F8: 0.328551 | G8: 0.329671 | H8: 0.0034092504 | I8: 0.0030460889 | J8: 0.95 | K8: 0 | M8: x17 | N8: -1.5806 | O8: -1.739386 | P8: -0.15876016 | Q8: 0.347185 | R8: 0.348799 | S8: 0.0046480318 | T8: 0.10044132 | U8: 0.93 | V8: 0 | X8: x17 | Y8: -1.61 | Z8: -1.6152 | AA8: -0.004905 | AB8: 0.003046 | AC8: 0.328551 | AD8: 0.329671 | AE8: 0.003409 | AF8: 0.95 | AG8: 0 | AI8: x17 | AJ8: -1.58 | AK8: -1.739386 | AL8: -0.15876 | AM8: 0.10044 | AN8: 0.347185 | AO8: 0.348799 | AP8: 0.00465 | AQ8: 0.93 | AR8: 0 | AU8: RR = visit-specific missing prob calculated from Logistic
B9: x18 | C9: -7.9152 | D9: -7.929511 | E9: -0.014335831 | F9: 0.369763 | G9: 0.379663 | H9: 0.026775061 | I9: 0.001811183 | J9: 0.955 | K9: 0 | M9: x18 | N9: -7.7764 | O9: -7.823023 | P9: -0.04659392 | Q9: 0.418459 | R9: 0.425305 | S9: 0.016360964 | T9: 0.0059916859 | U9: 0.95 | V9: 0 | X9: x18 | Y9: -7.92 | Z9: -7.929511 | AA9: -0.014336 | AB9: 0.001811 | AC9: 0.369763 | AD9: 0.379663 | AE9: 0.026775 | AF9: 0.955 | AG9: 0 | AI9: x18 | AJ9: -7.78 | AK9: -7.823023 | AL9: -0.04659 | AM9: 0.00599 | AN9: 0.418459 | AO9: 0.425305 | AP9: 0.01636 | AQ9: 0.95 | AR9: 0
B10: x6 | C10: 5.8681 | D10: 5.869596 | E10: 0.0014571045 | F10: 0.022498 | G10: 0.023293 | H10: 0.035344562 | I10: 0.0002483078 | J10: 0.963 | K10: 0 | M10: x6 | N10: 5.8644 | O10: 5.856056 | P10: -0.008354742 | Q10: 0.020722 | R10: 0.02183 | S10: 0.053460871 | T10: -0.001424652 | U10: 0.948 | V10: 0 | X10: x6 | Y10: 5.87 | Z10: 5.869596 | AA10: 0.001457 | AB10: 0.000248 | AC10: 0.022498 | AD10: 0.023293 | AE10: 0.035345 | AF10: 0.963 | AG10: 0 | AI10: x6 | AJ10: 5.86 | AK10: 5.856056 | AL10: -0.00835 | AM10: -0.00142 | AN10: 0.020722 | AO10: 0.02183 | AP10: 0.05346 | AQ10: 0.948 | AR10: 0
B11: y_bmi | C11: 0.0284 | D11: 0.027983 | E11: -0.000433051 | F11: 0.016251 | G11: 0.017087 | H11: 0.05146575 | I11: -0.015239395 | J11: 0.958 | K11: 0 | M11: y_bmi | N11: 0.0321 | O11: 0.041245 | P11: 0.0091364087 | Q11: 0.013598 | R11: 0.015038 | S11: 0.10584756 | T11: 0.28454893 | U11: 0.934 | V11: 0 | X11: y_bmi | Y11: 0.03 | Z11: 0.027983 | AA11: -0.000433 | AB11: -0.015239 | AC11: 0.016251 | AD11: 0.017087 | AE11: 0.051466 | AF11: 0.958 | AG11: 0 | AI11: y_bmi | AJ11: 0.03 | AK11: 0.041245 | AL11: 0.00914 | AM11: 0.28455 | AN11: 0.013598 | AO11: 0.015038 | AP11: 0.10585 | AQ11: 0.934 | AR11: 0
A13: [NO MI] | B13: [2][PROC GENMOD][IND CORR][NO MI][RR_glm_strat][bghhsub_s2] | J13: =INDEX('Method Codes'!$B:$B, MATCH(B13, 'Method Codes'!$I:$I,0)) -> IND | K13: =INDEX('Method Codes'!H:H, MATCH(B13, 'Method Codes'!I:I,0)) -> 2E | M13: [2][PROC GENMOD][EXCH CORR][NO MI][RR_glm_strat][bghhsub_s2] | U13: =INDEX('Method Codes'!$B:$B, MATCH(M13, 'Method Codes'!$I:$I,0)) -> EXCH | V13: =INDEX('Method Codes'!$H:$H, MATCH(M13, 'Method Codes'!$I:$I,0)) -> 2E | X13: [2][PROC GENMOD][IND CORR][NO MI][RR_glm_strat][bghhsub_s2][SUDAAN TRUE] | AI13: [2][PROC GENMOD][EXCH CORR][NO MI][RR_glm_strat][bghhsub_s2][SUDAAN TRUE] | AS13: [NO MI] | AU13: 2
B14: Effect | C14: True Value | D14: Estimate | E14: Empirical Bias | F14: Relative Bias | G14: Empirical SE | H14: Estimated SE | I14: Relative SE difference | J14: Coverage | K14: P(reject H0) | M14: Effect | N14: True Value | O14: Estimate | P14: Empirical Bias | Q14: Relative Bias | R14: Empirical SE | S14: Estimated SE | T14: Relative SE difference | U14: Coverage | V14: P(reject H0) | X14: Effect | Y14: True Value | Z14: Estimate | AA14: Empirical Bias | AB14: Relative Bias | AC14: Empirical SE | AD14: Estimated SE | AE14: Relative SE difference | AF14: Coverage | AG14: P(reject H0) | AI14: Effect | AJ14: True Value | AK14: Estimate | AL14: Empirical Bias | AM14: Relative Bias | AN14: Empirical SE | AO14: Estimated SE | AP14: Relative SE difference | AQ14: Coverage | AR14: P(reject H0)
B15: Intercept | C15: {=_xlfn.LET( _xlpm.keyA, J13, _xlpm.keyB, K13, _xlpm.rowKeys, B15:B21, _xlpm.colKeys, C14:K14, _xlpm.data, 'Batch Output'!$C:$Z, _xlpm.rowMatch, _xlfn.XMATCH(_xlpm.rowKeys, 'Batch Output'!$C:$C), _xlpm.colMatch, _xlfn.XMATCH(_xlpm.colKeys, 'Batch Output'!$1:$1), _xlpm.batchMatchRows, _xlfn._xlws.FILTER(ROW('Batch Output'!$A:$A), ('Batch Output'!$A:$A=_xlpm.keyA)*('Batch Output'!$B:$B=_xlpm.keyB)), _xlpm.firstMatchRow, INDEX(_xlpm.batchMatchRows, 1), INDEX(_xlpm.data, _xlpm.rowMatch + _xlpm.firstMatchRow - 2, _xlpm.colMatch - 2) )} -> 107.0774 | D15: 109.96441 | E15: 2.8870033 | F15: 1.500472 | G15: 1.496642 | H15: -0.002552772 | I15: 0.026961834 | J15: 0.515 | K15: 1 | M15: Intercept | N15: {=_xlfn.LET( _xlpm.keyA, U13, _xlpm.keyB, V13, _xlpm.rowKeys, M15:M21, _xlpm.colKeys, N14:V14, _xlpm.data, 'Batch Output'!$C:$Z, _xlpm.rowMatch, _xlfn.XMATCH(_xlpm.rowKeys, 'Batch Output'!$C:$C), _xlpm.colMatch, _xlfn.XMATCH(_xlpm.colKeys, 'Batch Output'!$1:$1), _xlpm.batchMatchRows, _xlfn._xlws.FILTER(ROW('Batch Output'!$A:$A), ('Batch Output'!$A:$A=_xlpm.keyA)*('Batch Output'!$B:$B=_xlpm.keyB)), _xlpm.firstMatchRow, INDEX(_xlpm.batchMatchRows, 1), INDEX(_xlpm.data, _xlpm.rowMatch + _xlpm.firstMatchRow - 2, _xlpm.colMatch - 2) )} -> 106.8125 | O15: 111.0097 | P15: 4.1972462 | Q15: 1.416708 | R15: 1.409061 | S15: -0.005397535 | T15: 0.039295475 | U15: 0.152 | V15: 1 | X15: Intercept | Y15: 107.08 | Z15: 109.9644 | AA15: 2.887 | AB15: 0.02696 | AC15: 1.5005 | AD15: 1.4966 | AE15: -0.002553 | AF15: 0.515 | AG15: 1 | AI15: Intercept | AJ15: 106.81 | AK15: 111.0097 | AL15: 4.19725 | AM15: 0.0393 | AN15: 1.4167 | AO15: 1.4091 | AP15: -0.005398 | AQ15: 0.152 | AR15: 1 | AU15: V1 weights in fitting step
B16: age_strat_new | C16: -4.7686 | D16: -4.829321 | E16: -0.060679623 | F16: 0.555653 | G16: 0.560032 | H16: 0.0078805761 | I16: 0.012724719 | J16: 0.945 | K16: 1 | M16: age_strat_new | N16: -4.7993 | O16: -4.766832 | P16: 0.032449976 | Q16: 0.570594 | R16: 0.562027 | S16: -0.015013989 | T16: -0.006761423 | U16: 0.948 | V16: 1 | X16: age_strat_new | Y16: -4.77 | Z16: -4.8293 | AA16: -0.06068 | AB16: 0.01272 | AC16: 0.5557 | AD16: 0.56 | AE16: 0.007881 | AF16: 0.945 | AG16: 1 | AI16: age_strat_new | AJ16: -4.8 | AK16: -4.7668 | AL16: 0.03245 | AM16: -0.00676 | AN16: 0.5706 | AO16: 0.562 | AP16: -0.015014 | AQ16: 0.948 | AR16: 1
B17: x12 | C17: 8.6967 | D17: 6.632652 | E17: -2.0640464 | F17: 0.338557 | G17: 0.334915 | H17: -0.010756369 | I17: -0.23733678 | J17: 0 | K17: 1 | M17: x12 | N17: 8.7022 | O17: 6.067462 | P17: -2.6347449 | Q17: 0.365257 | R17: 0.350943 | S17: -0.039188501 | T17: -0.30276742 | U17: 0 | V17: 1 | X17: x12 | Y17: 8.7 | Z17: 6.6327 | AA17: -2.06405 | AB17: -0.23734 | AC17: 0.3386 | AD17: 0.3349 | AE17: -0.010756 | AF17: 0 | AG17: 1 | AI17: x12 | AJ17: 8.7 | AK17: 6.0675 | AL17: -2.63474 | AM17: -0.30277 | AN17: 0.3653 | AO17: 0.3509 | AP17: -0.039189 | AQ17: 0 | AR17: 1
B18: x17 | C18: -1.6103 | D18: -2.131789 | E18: -0.52149421 | F18: 0.353946 | G18: 0.360626 | H18: 0.01887277 | I18: 0.3238502 | J18: 0.714 | K18: 1 | M18: x17 | N18: -1.5806 | O18: -2.433908 | P18: -0.85328251 | Q18: 0.345965 | R18: 0.350343 | S18: 0.012654863 | T18: 0.53983836 | U18: 0.31 | V18: 1 | X18: x17 | Y18: -1.61 | Z18: -2.1318 | AA18: -0.52149 | AB18: 0.32385 | AC18: 0.3539 | AD18: 0.3606 | AE18: 0.018873 | AF18: 0.714 | AG18: 1 | AI18: x17 | AJ18: -1.58 | AK18: -2.4339 | AL18: -0.85328 | AM18: 0.53984 | AN18: 0.346 | AO18: 0.3503 | AP18: 0.012655 | AQ18: 0.31 | AR18: 1
B19: x18 | C19: -7.9152 | D19: -6.083042 | E19: 1.8321337 | F19: 0.40888 | G19: 0.419101 | H19: 0.024997273 | I19: -0.231471 | J19: 0.01 | K19: 1 | M19: x18 | N19: -7.7764 | O19: -5.536667 | P19: 2.239762 | Q19: 0.436938 | R19: 0.435367 | S19: -0.003596459 | T19: -0.28801935 | U19: 0.001 | V19: 1 | X19: x18 | Y19: -7.92 | Z19: -6.083 | AA19: 1.83213 | AB19: -0.23147 | AC19: 0.4089 | AD19: 0.4191 | AE19: 0.024997 | AF19: 0.01 | AG19: 1 | AI19: x18 | AJ19: -7.78 | AK19: -5.5367 | AL19: 2.23976 | AM19: -0.28802 | AN19: 0.4369 | AO19: 0.4354 | AP19: -0.003596 | AQ19: 0.001 | AR19: 1
B20: x6 | C20: 5.8681 | D20: 5.965636 | E20: 0.097496522 | F20: 0.028582 | G20: 0.029703 | H20: 0.039215595 | I20: 0.016614556 | J20: 0.084 | K20: 1 | M20: x6 | N20: 5.8644 | O20: 5.926966 | P20: 0.06255479 | Q20: 0.02545 | R20: 0.026532 | S20: 0.042536415 | T20: 0.01066685 | U20: 0.34 | V20: 1 | X20: x6 | Y20: 5.87 | Z20: 5.9656 | AA20: 0.0975 | AB20: 0.01661 | AC20: 0.0286 | AD20: 0.0297 | AE20: 0.039216 | AF20: 0.084 | AG20: 1 | AI20: x6 | AJ20: 5.86 | AK20: 5.927 | AL20: 0.06255 | AM20: 0.01067 | AN20: 0.0254 | AO20: 0.0265 | AP20: 0.042536 | AQ20: 0.34 | AR20: 1
B21: y_bmi | C21: 0.0284 | D21: 0.027042 | E21: -0.001374223 | F21: 0.018582 | G21: 0.0182 | H21: -0.020529024 | I21: -0.048359992 | J21: 0.94 | K21: 0.323 | M21: y_bmi | N21: 0.0321 | O21: 0.040479 | P21: 0.0083707544 | Q21: 0.015607 | R21: 0.01553 | S21: -0.004967176 | T21: 0.26070301 | U21: 0.913 | V21: 0.736 | X21: y_bmi | Y21: 0.03 | Z21: 0.027 | AA21: -0.00137 | AB21: -0.04836 | AC21: 0.0186 | AD21: 0.0182 | AE21: -0.020529 | AF21: 0.94 | AG21: 0.323 | AI21: y_bmi | AJ21: 0.03 | AK21: 0.0405 | AL21: 0.00837 | AM21: 0.2607 | AN21: 0.0156 | AO21: 0.0155 | AP21: -0.004967 | AQ21: 0.913 | AR21: 0.736
AU22: 2.1: use visit-level IPW weights instead of V1 weights
A23: [MI] [NOMISS V3] | B23: [PROC GENMOD][IND CORR][MI][RR_glm_strat][NOMISS V3][bghhsub_s2] | M23: [PROC GENMOD][EXCH CORR][MI][RR_glm_strat][NOMISS V3][bghhsub_s2] | X23: [PROC GENMOD][IND CORR][MI][RR_glm_strat][NOMISS V3][bghhsub_s2][SUDAAN TRUE] | AI23: [PROC GENMOD][EXCH CORR][MI][RR_glm_strat][NOMISS V3][bghhsub_s2][SUDAAN TRUE] | AS23: [MI] [NOMISS V3]
B24: Effect | C24: True Value | D24: Estimate | E24: Empirical Bias | F24: Relative Bias | G24: Empirical SE | H24: Estimated SE | I24: Relative SE difference | J24: Coverage | K24: P(reject H0) | M24: Effect | N24: True Value | O24: Estimate | P24: Empirical Bias | Q24: Relative Bias | R24: Empirical SE | S24: Estimated SE | T24: Relative SE difference | U24: Coverage | V24: P(reject H0) | X24: Effect | Y24: True Value | Z24: Estimate | AA24: Empirical Bias | AB24: Relative Bias | AC24: Empirical SE | AD24: Estimated SE | AE24: Relative SE difference | AF24: Coverage | AG24: P(reject H0) | AI24: Effect | AJ24: True Value | AK24: Estimate | AL24: Empirical Bias | AM24: Relative Bias | AN24: Empirical SE | AO24: Estimated SE | AP24: Relative SE difference | AQ24: Coverage | AR24: P(reject H0)
B25: Intercept | C25: 107.0774 | D25: 102.95711 | E25: -4.12029 | F25: -0.03848 | G25: 2.455818 | H25: 2.587164 | I25: 0.053484 | J25: 0.638 | K25: 0 | M25: Intercept | N25: 105.9799 | O25: 102.98236 | P25: -2.99757 | Q25: -0.02828 | R25: 2.651135 | S25: 2.748955 | T25: 0.036897 | U25: 0.638 | V25: 0 | X25: Intercept | Y25: 107.08 | Z25: 102.95711 | AA25: -4.12029 | AB25: -0.03848 | AC25: 2.455818 | AD25: 2.587164 | AE25: 0.053484 | AF25: 0.638 | AG25: 0 | AI25: Intercept | AJ25: 106.81 | AK25: 102.98236 | AL25: -3.83009 | AM25: -0.03586 | AN25: 2.651135 | AO25: 2.748955 | AP25: 0.036897 | AQ25: 0.703 | AR25: 0
B26: age_strat_new | C26: -4.7686 | D26: -4.218512 | E26: 0.55013 | F26: -0.11536 | G26: 0.989477 | H26: 1.023644 | I26: 0.034531 | J26: 0.929 | K26: 0 | M26: age_strat_new | N26: -5.1666 | O26: -4.160372 | P26: 1.0062 | Q26: -0.19475 | R26: 1.124162 | S26: 1.145951 | T26: 0.019383 | U26: 0.929 | V26: 0 | X26: age_strat_new | Y26: -4.77 | Z26: -4.218512 | AA26: 0.55013 | AB26: -0.11536 | AC26: 0.989477 | AD26: 1.023644 | AE26: 0.034531 | AF26: 0.929 | AG26: 0 | AI26: age_strat_new | AJ26: -4.8 | AK26: -4.160372 | AL26: 0.63891 | AM26: -0.13313 | AN26: 1.124162 | AO26: 1.145951 | AP26: 0.019383 | AQ26: 0.92 | AR26: 0
B27: x12 | C27: 8.6967 | D27: 8.547964 | E27: -0.14873 | F27: -0.0171 | G27: 0.560568 | H27: 0.561887 | I27: 0.002354 | J27: 0.948 | K27: 0 | M27: x12 | N27: 8.6968 | O27: 8.577834 | P27: -0.119 | Q27: -0.01368 | R27: 0.677665 | S27: 0.657046 | T27: -0.030426 | U27: 0.948 | V27: 0 | X27: x12 | Y27: 8.7 | Z27: 8.547964 | AA27: -0.14873 | AB27: -0.0171 | AC27: 0.560568 | AD27: 0.561887 | AE27: 0.002354 | AF27: 0.948 | AG27: 0 | AI27: x12 | AJ27: 8.7 | AK27: 8.577834 | AL27: -0.12437 | AM27: -0.01429 | AN27: 0.677665 | AO27: 0.657046 | AP27: -0.030426 | AQ27: 0.941 | AR27: 0
B28: x17 | C28: -1.6103 | D28: -1.04567 | E28: 0.56462 | F28: -0.35063 | G28: 0.571257 | H28: 0.600298 | I28: 0.050837 | J28: 0.856 | K28: 0 | M28: x17 | N28: -1.5934 | O28: -1.147678 | P28: 0.44576 | Q28: -0.27975 | R28: 0.627665 | S28: 0.637036 | T28: 0.014931 | U28: 0.856 | V28: 0 | X28: x17 | Y28: -1.61 | Z28: -1.04567 | AA28: 0.56462 | AB28: -0.35063 | AC28: 0.571257 | AD28: 0.600298 | AE28: 0.050837 | AF28: 0.856 | AG28: 0 | AI28: x17 | AJ28: -1.58 | AK28: -1.147678 | AL28: 0.43295 | AM28: -0.27391 | AN28: 0.627665 | AO28: 0.637036 | AP28: 0.014931 | AQ28: 0.893 | AR28: 0
B29: x18 | C29: -7.9152 | D29: -8.206118 | E29: -0.29094 | F29: 0.03676 | G29: 0.785912 | H29: 0.776122 | I29: -0.012458 | J29: 0.927 | K29: 0 | M29: x18 | N29: -7.9049 | O29: -8.118057 | P29: -0.21316 | Q29: 0.02697 | R29: 0.942763 | S29: 0.906104 | T29: -0.038884 | U29: 0.927 | V29: 0 | X29: x18 | Y29: -7.92 | Z29: -8.206118 | AA29: -0.29094 | AB29: 0.03676 | AC29: 0.785912 | AD29: 0.776122 | AE29: -0.012458 | AF29: 0.927 | AG29: 0 | AI29: x18 | AJ29: -7.78 | AK29: -8.118057 | AL29: -0.34163 | AM29: 0.04393 | AN29: 0.942763 | AO29: 0.906104 | AP29: -0.038884 | AQ29: 0.915 | AR29: 0
B30: x6 | C30: 5.8681 | D30: 6.048017 | E30: 0.17988 | F30: 0.03065 | G30: 0.056091 | H30: 0.05741 | I30: 0.023526 | J30: 0.134 | K30: 0 | M30: x6 | N30: 5.8287 | O30: 6.034798 | P30: 0.20614 | Q30: 0.03537 | R30: 0.058563 | S30: 0.06123 | T30: 0.045537 | U30: 0.134 | V30: 0 | X30: x6 | Y30: 5.87 | Z30: 6.048017 | AA30: 0.17988 | AB30: 0.03065 | AC30: 0.056091 | AD30: 0.05741 | AE30: 0.023526 | AF30: 0.134 | AG30: 0 | AI30: x6 | AJ30: 5.86 | AK30: 6.034798 | AL30: 0.17039 | AM30: 0.02905 | AN30: 0.058563 | AO30: 0.06123 | AP30: 0.045537 | AQ30: 0.21 | AR30: 0
B31: y_bmi | C31: 0.0284 | D31: 0.018427 | E31: -0.00999 | F31: -0.35154 | G31: 0.042598 | H31: 0.044226 | I31: 0.038208 | J31: 0.975 | K31: 0 | M31: y_bmi | N31: 0.068 | O31: 0.030219 | P31: -0.03782 | Q31: -0.55584 | R31: 0.046173 | S31: 0.047756 | T31: 0.034274 | U31: 0.975 | V31: 0 | X31: y_bmi | Y31: 0.03 | Z31: 0.018427 | AA31: -0.00999 | AB31: -0.35154 | AC31: 0.042598 | AD31: 0.044226 | AE31: 0.038208 | AF31: 0.975 | AG31: 0 | AI31: y_bmi | AJ31: 0.03 | AK31: 0.030219 | AL31: -0.00189 | AM31: -0.05883 | AN31: 0.046173 | AO31: 0.047756 | AP31: 0.034274 | AQ31: 0.979 | AR31: 0
A33: [MI] [NOMISS V3] | B33: [3][PROC GENMOD][IND CORR][MI][RR_glm_strat][NOMISS V3][bghhsub_s2_v3_nr] | J33: =INDEX('Method Codes'!$B:$B, MATCH(B33, 'Method Codes'!$I:$I,0)) -> IND | K33: =INDEX('Method Codes'!H:H, MATCH(B33, 'Method Codes'!I:I,0)) -> 3C | M33: [3][PROC GENMOD][EXCH CORR][MI][RR_glm_strat][NOMISS V3][bghhsub_s2_v3_nr] | U33: =INDEX('Method Codes'!$B:$B, MATCH(M33, 'Method Codes'!$I:$I,0)) -> EXCH | V33: =INDEX('Method Codes'!$H:$H, MATCH(M33, 'Method Codes'!$I:$I,0)) -> 3C | X33: [3][PROC GENMOD][IND CORR][MI][RR_glm_strat][NOMISS V3][bghhsub_s2_v3_nr][SUDAAN TRUE] | AI33: [3][PROC GENMOD][EXCH CORR][MI][RR_glm_strat][NOMISS V3][bghhsub_s2_v3_nr][SUDAAN TRUE] | AS33: [MI] [NOMISS V3]
B34: Effect | C34: True Value | D34: Estimate | E34: Empirical Bias | F34: Relative Bias | G34: Empirical SE | H34: Estimated SE | I34: Relative SE difference | J34: Coverage | K34: P(reject H0) | M34: Effect | N34: True Value | O34: Estimate | P34: Empirical Bias | Q34: Relative Bias | R34: Empirical SE | S34: Estimated SE | T34: Relative SE difference | U34: Coverage | V34: P(reject H0) | X34: Effect | Y34: True Value | Z34: Estimate | AA34: Empirical Bias | AB34: Relative Bias | AC34: Empirical SE | AD34: Estimated SE | AE34: Relative SE difference | AF34: Coverage | AG34: P(reject H0) | AI34: Effect | AJ34: True Value | AK34: Estimate | AL34: Empirical Bias | AM34: Relative Bias | AN34: Empirical SE | AO34: Estimated SE | AP34: Relative SE difference | AQ34: Coverage | AR34: P(reject H0) | AU34: 3
B35: Intercept | C35: {=_xlfn.LET( _xlpm.keyA, J33, _xlpm.keyB, K33, _xlpm.rowKeys, B35:B41, _xlpm.colKeys, C34:K34, _xlpm.data, 'Batch Output'!$C:$Z, _xlpm.rowMatch, _xlfn.XMATCH(_xlpm.rowKeys, 'Batch Output'!$C:$C), _xlpm.colMatch, _xlfn.XMATCH(_xlpm.colKeys, 'Batch Output'!$1:$1), _xlpm.batchMatchRows, _xlfn._xlws.FILTER(ROW('Batch Output'!$A:$A), ('Batch Output'!$A:$A=_xlpm.keyA)*('Batch Output'!$B:$B=_xlpm.keyB)), _xlpm.firstMatchRow, INDEX(_xlpm.batchMatchRows, 1), INDEX(_xlpm.data, _xlpm.rowMatch + _xlpm.firstMatchRow - 2, _xlpm.colMatch - 2) )} -> 107.0774 | D35: 106.85706 | E35: -0.22034485 | F35: 2.203901 | G35: 2.319591 | H35: 0.052493528 | I35: -0.002057809 | J35: 0.957 | K35: 0 | M35: Intercept | N35: {=_xlfn.LET( _xlpm.keyA, U33, _xlpm.keyB, V33, _xlpm.rowKeys, M35:M41, _xlpm.colKeys, N34:V34, _xlpm.data, 'Batch Output'!$C:$Z, _xlpm.rowMatch, _xlfn.XMATCH(_xlpm.rowKeys, 'Batch Output'!$C:$C), _xlpm.colMatch, _xlfn.XMATCH(_xlpm.colKeys, 'Batch Output'!$1:$1), _xlpm.batchMatchRows, _xlfn._xlws.FILTER(ROW('Batch Output'!$A:$A), ('Batch Output'!$A:$A=_xlpm.keyA)*('Batch Output'!$B:$B=_xlpm.keyB)), _xlpm.firstMatchRow, INDEX(_xlpm.batchMatchRows, 1), INDEX(_xlpm.data, _xlpm.rowMatch + _xlpm.firstMatchRow - 2, _xlpm.colMatch - 2) )} -> 106.8125 | O35: 106.52436 | P35: -0.28809888 | Q35: 2.43305 | R35: 2.584547 | S35: 0.062266346 | T35: -0.00269724 | U35: 0.966 | V35: 0 | X35: Intercept | Y35: 107.08 | Z35: 106.85706 | AA35: -0.22034 | AB35: -0.00206 | AC35: 2.203901 | AD35: 2.319591 | AE35: 0.052494 | AF35: 0.957 | AG35: 0 | AI35: Intercept | AJ35: 106.81 | AK35: 106.52436 | AL35: -0.2881 | AM35: -0.0027 | AN35: 2.43305 | AO35: 2.584547 | AP35: 0.062266 | AQ35: 0.966 | AR35: 0
B36: age_strat_new | C36: -4.7686 | D36: -4.847303 | E36: -0.078661802 | F36: 0.878085 | G36: 0.891377 | H36: 0.015137109 | I36: 0.016495641 | J36: 0.95 | K36: 0 | M36: age_strat_new | N36: -4.7993 | O36: -4.994971 | P36: -0.19568945 | Q36: 0.982187 | R36: 1.005176 | S36: 0.023405956 | T36: 0.040774736 | U36: 0.945 | V36: 0 | X36: age_strat_new | Y36: -4.77 | Z36: -4.847303 | AA36: -0.07866 | AB36: 0.0165 | AC36: 0.878085 | AD36: 0.891377 | AE36: 0.015137 | AF36: 0.95 | AG36: 0 | AI36: age_strat_new | AJ36: -4.8 | AK36: -4.994971 | AL36: -0.19569 | AM36: 0.04077 | AN36: 0.982187 | AO36: 1.005176 | AP36: 0.023406 | AQ36: 0.945 | AR36: 0 | AU36: V3 sample + MI (with v1, v2, v3, IPW weights) + v3 IPW weights in fitting
B37: x12 | C37: 8.6967 | D37: 8.710553 | E37: 0.013854595 | F37: 0.517065 | G37: 0.522749 | H37: 0.010991803 | I37: 0.0015930867 | J37: 0.954 | K37: 0 | M37: x12 | N37: 8.7022 | O37: 8.723981 | P37: 0.021773963 | Q37: 0.57583 | R37: 0.591883 | S37: 0.027877363 | T37: 0.0025021196 | U37: 0.962 | V37: 0 | X37: x12 | Y37: 8.7 | Z37: 8.710553 | AA37: 0.01385 | AB37: 0.00159 | AC37: 0.517065 | AD37: 0.522749 | AE37: 0.010992 | AF37: 0.954 | AG37: 0 | AI37: x12 | AJ37: 8.7 | AK37: 8.723981 | AL37: 0.02177 | AM37: 0.0025 | AN37: 0.57583 | AO37: 0.591883 | AP37: 0.027877 | AQ37: 0.962 | AR37: 0
B38: x17 | C38: -1.6103 | D38: -1.630861 | E38: -0.020566683 | F38: 0.596771 | G38: 0.610038 | H38: 0.022231151 | I38: 0.012772 | J38: 0.954 | K38: 0 | M38: x17 | N38: -1.5806 | O38: -1.707604 | P38: -0.12697835 | Q38: 0.681352 | R38: 0.694608 | S38: 0.019456001 | T38: 0.080334217 | U38: 0.956 | V38: 0 | X38: x17 | Y38: -1.61 | Z38: -1.630861 | AA38: -0.02057 | AB38: 0.01277 | AC38: 0.596771 | AD38: 0.610038 | AE38: 0.022231 | AF38: 0.954 | AG38: 0 | AI38: x17 | AJ38: -1.58 | AK38: -1.707604 | AL38: -0.12698 | AM38: 0.08033 | AN38: 0.681352 | AO38: 0.694608 | AP38: 0.019456 | AQ38: 0.956 | AR38: 0
B39: x18 | C39: -7.9152 | D39: -7.942472 | E39: -0.027296675 | F39: 0.637393 | G39: 0.653969 | H39: 0.026005383 | I39: 0.0034486505 | J39: 0.955 | K39: 0 | M39: x18 | N39: -7.7764 | O39: -7.823873 | P39: -0.047443971 | Q39: 0.748849 | R39: 0.743966 | S39: -0.006520714 | T39: 0.0061009972 | U39: 0.951 | V39: 0 | X39: x18 | Y39: -7.92 | Z39: -7.942472 | AA39: -0.0273 | AB39: 0.00345 | AC39: 0.637393 | AD39: 0.653969 | AE39: 0.026005 | AF39: 0.955 | AG39: 0 | AI39: x18 | AJ39: -7.78 | AK39: -7.823873 | AL39: -0.04744 | AM39: 0.0061 | AN39: 0.748849 | AO39: 0.743966 | AP39: -0.006521 | AQ39: 0.951 | AR39: 0
B40: x6 | C40: 5.8681 | D40: 5.857993 | E40: -0.010145903 | F40: 0.040548 | G40: 0.044018 | H40: 0.085591325 | I40: -0.001728981 | J40: 0.966 | K40: 0 | M40: x6 | N40: 5.8644 | O40: 5.84162 | P40: -0.022790521 | Q40: 0.041298 | R40: 0.045127 | S40: 0.092735751 | T40: -0.003886242 | U40: 0.952 | V40: 0 | X40: x6 | Y40: 5.87 | Z40: 5.857993 | AA40: -0.01015 | AB40: -0.00173 | AC40: 0.040548 | AD40: 0.044018 | AE40: 0.085591 | AF40: 0.966 | AG40: 0 | AI40: x6 | AJ40: 5.86 | AK40: 5.84162 | AL40: -0.02279 | AM40: -0.00389 | AN40: 0.041298 | AO40: 0.045127 | AP40: 0.092736 | AQ40: 0.952 | AR40: 0
B41: y_bmi | C41: 0.0284 | D41: 0.039915 | E41: 0.011498137 | F41: 0.031357 | G41: 0.033948 | H41: 0.082627244 | I41: 0.40462853 | J41: 0.959 | K41: 0 | M41: y_bmi | N41: 0.0321 | O41: 0.056123 | P41: 0.024015023 | Q41: 0.032456 | R41: 0.03508 | S41: 0.080852764 | T41: 0.74793603 | U41: 0.935 | V41: 0 | X41: y_bmi | Y41: 0.03 | Z41: 0.039915 | AA41: 0.0115 | AB41: 0.40463 | AC41: 0.031357 | AD41: 0.033948 | AE41: 0.082627 | AF41: 0.959 | AG41: 0 | AI41: y_bmi | AJ41: 0.03 | AK41: 0.056123 | AL41: 0.02402 | AM41: 0.74794 | AN41: 0.032456 | AO41: 0.03508 | AP41: 0.080853 | AQ41: 0.935 | AR41: 0
A43: [NO MI] [NOMISS V3] | B43: [4][PROC GENMOD][IND CORR][NO MI][RR_glm_strat][NOMISS V3][bghhsub_s2_v3_nr] | J43: =INDEX('Method Codes'!$B:$B, MATCH(B43, 'Method Codes'!$I:$I,0)) -> IND | K43: =INDEX('Method Codes'!H:H, MATCH(B43, 'Method Codes'!I:I,0)) -> 4E | M43: [4][PROC GENMOD][EXCH CORR][NO MI][RR_glm_strat][NOMISS V3][bghhsub_s2_v3_nr] | U43: =INDEX('Method Codes'!$B:$B, MATCH(M43, 'Method Codes'!$I:$I,0)) -> EXCH | V43: =INDEX('Method Codes'!$H:$H, MATCH(M43, 'Method Codes'!$I:$I,0)) -> 4E | X43: [4][PROC GENMOD][IND CORR][NO MI][RR_glm_strat][NOMISS V3][bghhsub_s2_v3_nr][SUDAAN TRUE] | AI43: [4][PROC GENMOD][EXCH CORR][NO MI][RR_glm_strat][NOMISS V3][bghhsub_s2_v3_nr][SUDAAN TRUE] | AS43: [NO MI] [NOMISS V3]
B44: Effect | C44: True Value | D44: Estimate | E44: Empirical Bias | F44: Relative Bias | G44: Empirical SE | H44: Estimated SE | I44: Relative SE difference | J44: Coverage | K44: P(reject H0) | M44: Effect | N44: True Value | O44: Estimate | P44: Empirical Bias | Q44: Relative Bias | R44: Empirical SE | S44: Estimated SE | T44: Relative SE difference | U44: Coverage | V44: P(reject H0) | X44: Effect | Y44: True Value | Z44: Estimate | AA44: Empirical Bias | AB44: Relative Bias | AC44: Empirical SE | AD44: Estimated SE | AE44: Relative SE difference | AF44: Coverage | AG44: P(reject H0) | AI44: Effect | AJ44: True Value | AK44: Estimate | AL44: Empirical Bias | AM44: Relative Bias | AN44: Empirical SE | AO44: Estimated SE | AP44: Relative SE difference | AQ44: Coverage | AR44: P(reject H0) | AU44: V3 sample + V3 IPW weights in fitting
B45: Intercept | C45: {=_xlfn.LET( _xlpm.keyA, J43, _xlpm.keyB, K43, _xlpm.rowKeys, B45:B51, _xlpm.colKeys, C44:K44, _xlpm.data, 'Batch Output'!$C:$Z, _xlpm.rowMatch, _xlfn.XMATCH(_xlpm.rowKeys, 'Batch Output'!$C:$C), _xlpm.colMatch, _xlfn.XMATCH(_xlpm.colKeys, 'Batch Output'!$1:$1), _xlpm.batchMatchRows, _xlfn._xlws.FILTER(ROW('Batch Output'!$A:$A), ('Batch Output'!$A:$A=_xlpm.keyA)*('Batch Output'!$B:$B=_xlpm.keyB)), _xlpm.firstMatchRow, INDEX(_xlpm.batchMatchRows, 1), INDEX(_xlpm.data, _xlpm.rowMatch + _xlpm.firstMatchRow - 2, _xlpm.colMatch - 2) )} -> 107.0774 | D45: 107.13678 | E45: 0.059371131 | F45: 1.97749 | G45: 2.017977 | H45: 0.020473953 | I45: 0.0005544693 | J45: 0.953 | K45: 1 | M45: Intercept | N45: {=_xlfn.LET( _xlpm.keyA, U43, _xlpm.keyB, V43, _xlpm.rowKeys, M45:M51, _xlpm.colKeys, N44:V44, _xlpm.data, 'Batch Output'!$C:$Z, _xlpm.rowMatch, _xlfn.XMATCH(_xlpm.rowKeys, 'Batch Output'!$C:$C), _xlpm.colMatch, _xlfn.XMATCH(_xlpm.colKeys, 'Batch Output'!$1:$1), _xlpm.batchMatchRows, _xlfn._xlws.FILTER(ROW('Batch Output'!$A:$A), ('Batch Output'!$A:$A=_xlpm.keyA)*('Batch Output'!$B:$B=_xlpm.keyB)), _xlpm.firstMatchRow, INDEX(_xlpm.batchMatchRows, 1), INDEX(_xlpm.data, _xlpm.rowMatch + _xlpm.firstMatchRow - 2, _xlpm.colMatch - 2) )} -> 106.8125 | O45: 106.67435 | P45: -0.13810394 | Q45: 2.181271 | R45: 2.243267 | S45: 0.028422183 | T45: -0.001292957 | U45: 0.958 | V45: 1 | X45: Intercept | Y45: 107.08 | Z45: 107.1368 | AA45: 0.059371 | AB45: 0.000554 | AC45: 1.9775 | AD45: 2.018 | AE45: 0.020474 | AF45: 0.953 | AG45: 1 | AI45: Intercept | AJ45: 106.81 | AK45: 106.6744 | AL45: -0.1381 | AM45: -0.00129 | AN45: 2.1813 | AO45: 2.2433 | AP45: 0.028422 | AQ45: 0.958 | AR45: 1
B46: age_strat_new | C46: -4.7686 | D46: -4.829052 | E46: -0.060409862 | F46: 0.778045 | G46: 0.77746 | H46: -0.000751143 | I46: 0.012668149 | J46: 0.95 | K46: 1 | M46: age_strat_new | N46: -4.7993 | O46: -4.993766 | P46: -0.19448421 | Q46: 0.865457 | R46: 0.870643 | S46: 0.0059924235 | T46: 0.040523607 | U46: 0.952 | V46: 1 | X46: age_strat_new | Y46: -4.77 | Z46: -4.8291 | AA46: -0.06041 | AB46: 0.012668 | AC46: 0.778 | AD46: 0.7775 | AE46: -0.000751 | AF46: 0.95 | AG46: 1 | AI46: age_strat_new | AJ46: -4.8 | AK46: -4.9938 | AL46: -0.19448 | AM46: 0.04052 | AN46: 0.8655 | AO46: 0.8706 | AP46: 0.005992 | AQ46: 0.952 | AR46: 1
B47: x12 | C47: 8.6967 | D47: 8.663963 | E47: -0.032735312 | F47: 0.464635 | G47: 0.46825 | H47: 0.0077799194 | I47: -0.003764108 | J47: 0.952 | K47: 1 | M47: x12 | N47: 8.7022 | O47: 8.663015 | P47: -0.039192393 | Q47: 0.517076 | R47: 0.528708 | S47: 0.022496335 | T47: -0.00450373 | U47: 0.955 | V47: 1 | X47: x12 | Y47: 8.7 | Z47: 8.664 | AA47: -0.032735 | AB47: -0.003764 | AC47: 0.4646 | AD47: 0.4682 | AE47: 0.00778 | AF47: 0.952 | AG47: 1 | AI47: x12 | AJ47: 8.7 | AK47: 8.663 | AL47: -0.03919 | AM47: -0.0045 | AN47: 0.5171 | AO47: 0.5287 | AP47: 0.022496 | AQ47: 0.955 | AR47: 1
B48: x17 | C48: -1.6103 | D48: -1.602918 | E48: 0.0073763835 | F48: 0.48795 | G48: 0.499364 | H48: 0.023392106 | I48: -0.004580767 | J48: 0.957 | K48: 0.898 | M48: x17 | N48: -1.5806 | O48: -1.679444 | P48: -0.098818297 | Q48: 0.550295 | R48: 0.568977 | S48: 0.033947859 | T48: 0.062518459 | U48: 0.966 | V48: 0.843 | X48: x17 | Y48: -1.61 | Z48: -1.6029 | AA48: 0.007376 | AB48: -0.004581 | AC48: 0.4879 | AD48: 0.4994 | AE48: 0.023392 | AF48: 0.957 | AG48: 0.898 | AI48: x17 | AJ48: -1.58 | AK48: -1.6794 | AL48: -0.09882 | AM48: 0.06252 | AN48: 0.5503 | AO48: 0.569 | AP48: 0.033948 | AQ48: 0.966 | AR48: 0.843
B49: x18 | C49: -7.9152 | D49: -7.875926 | E49: 0.03924981 | F49: 0.575857 | G49: 0.587859 | H49: 0.020842019 | I49: -0.004958805 | J49: 0.955 | K49: 1 | M49: x18 | N49: -7.7764 | O49: -7.786679 | P49: -0.010250361 | Q49: 0.662731 | R49: 0.664971 | S49: 0.0033796164 | T49: 0.0013181322 | U49: 0.952 | V49: 1 | X49: x18 | Y49: -7.92 | Z49: -7.8759 | AA49: 0.03925 | AB49: -0.004959 | AC49: 0.5759 | AD49: 0.5879 | AE49: 0.020842 | AF49: 0.955 | AG49: 1 | AI49: x18 | AJ49: -7.78 | AK49: -7.7867 | AL49: -0.01025 | AM49: 0.00132 | AN49: 0.6627 | AO49: 0.665 | AP49: 0.00338 | AQ49: 0.952 | AR49: 1
B50: x6 | C50: 5.8681 | D50: 5.868558 | E50: 0.0004192501 | F50: 0.032413 | G50: 0.034525 | H50: 0.065165898 | I50: 7.14452e-05 | J50: 0.963 | K50: 1 | M50: x6 | N50: 5.8644 | O50: 5.846787 | P50: -0.017623939 | Q50: 0.030285 | R50: 0.03273 | S50: 0.080745173 | T50: -0.003005236 | U50: 0.94 | V50: 1 | X50: x6 | Y50: 5.87 | Z50: 5.8686 | AA50: 0.000419 | AB50: 7.1e-05 | AC50: 0.0324 | AD50: 0.0345 | AE50: 0.065166 | AF50: 0.963 | AG50: 1 | AI50: x6 | AJ50: 5.86 | AK50: 5.8468 | AL50: -0.01762 | AM50: -0.00301 | AN50: 0.0303 | AO50: 0.0327 | AP50: 0.080745 | AQ50: 0.94 | AR50: 1
B51: y_bmi | C51: 0.0284 | D51: 0.031124 | E51: 0.0027073704 | F51: 0.022703 | G51: 0.023047 | H51: 0.015120941 | I51: 0.095274509 | J51: 0.947 | K51: 0.271 | M51: y_bmi | N51: 0.0321 | O51: 0.0518 | P51: 0.019691283 | Q51: 0.019589 | R51: 0.020077 | S51: 0.024889508 | T51: 0.61327526 | U51: 0.836 | V51: 0.735 | X51: y_bmi | Y51: 0.03 | Z51: 0.0311 | AA51: 0.002707 | AB51: 0.095275 | AC51: 0.0227 | AD51: 0.023 | AE51: 0.015121 | AF51: 0.947 | AG51: 0.271 | AI51: y_bmi | AJ51: 0.03 | AK51: 0.0518 | AL51: 0.01969 | AM51: 0.61328 | AN51: 0.0196 | AO51: 0.0201 | AP51: 0.02489 | AQ51: 0.836 | AR51: 0.735
A53: [MI] [NOMISS] | B53: [5][PROC GENMOD][IND CORR][MI][RR_glm_strat][bghhsub_s2_nr] | J53: =INDEX('Method Codes'!$B:$B, MATCH(B53, 'Method Codes'!$I:$I,0)) -> IND | K53: =INDEX('Method Codes'!H:H, MATCH(B53, 'Method Codes'!I:I,0)) -> 5C | M53: [5][PROC GENMOD][EXCH CORR][MI][RR_glm_strat][bghhsub_s2_nr] | U53: =INDEX('Method Codes'!$B:$B, MATCH(M53, 'Method Codes'!$I:$I,0)) -> EXCH | V53: =INDEX('Method Codes'!$H:$H, MATCH(M53, 'Method Codes'!$I:$I,0)) -> 5C | X53: [5][PROC GENMOD][IND CORR][MI][RR_glm_strat][bghhsub_s2_nr][SUDAAN TRUE] | AI53: [5][PROC GENMOD][EXCH CORR][MI][RR_glm_strat][bghhsub_s2_nr][SUDAAN TRUE] | AS53: [MI] [IPW]
B54: Effect | C54: True Value | D54: Estimate | E54: Empirical Bias | F54: Relative Bias | G54: Empirical SE | H54: Estimated SE | I54: Relative SE difference | J54: Coverage | K54: P(reject H0) | M54: Effect | N54: True Value | O54: Estimate | P54: Empirical Bias | Q54: Relative Bias | R54: Empirical SE | S54: Estimated SE | T54: Relative SE difference | U54: Coverage | V54: P(reject H0) | X54: Effect | Y54: True Value | Z54: Estimate | AA54: Empirical Bias | AB54: Relative Bias | AC54: Empirical SE | AD54: Estimated SE | AE54: Relative SE difference | AF54: Coverage | AG54: P(reject H0) | AI54: Effect | AJ54: True Value | AK54: Estimate | AL54: Empirical Bias | AM54: Relative Bias | AN54: Empirical SE | AO54: Estimated SE | AP54: Relative SE difference | AQ54: Coverage | AR54: P(reject H0)
B55: Intercept | C55: {=_xlfn.LET( _xlpm.keyA, J53, _xlpm.keyB, K53, _xlpm.rowKeys, B55:B61, _xlpm.colKeys, C54:K54, _xlpm.data, 'Batch Output'!$C:$Z, _xlpm.rowMatch, _xlfn.XMATCH(_xlpm.rowKeys, 'Batch Output'!$C:$C), _xlpm.colMatch, _xlfn.XMATCH(_xlpm.colKeys, 'Batch Output'!$1:$1), _xlpm.batchMatchRows, _xlfn._xlws.FILTER(ROW('Batch Output'!$A:$A), ('Batch Output'!$A:$A=_xlpm.keyA)*('Batch Output'!$B:$B=_xlpm.keyB)), _xlpm.firstMatchRow, INDEX(_xlpm.batchMatchRows, 1), INDEX(_xlpm.data, _xlpm.rowMatch + _xlpm.firstMatchRow - 2, _xlpm.colMatch - 2) )} -> 107.0774 | D55: 104.00879 | E55: -3.0686224 | F55: 1.373611 | G55: 1.461338 | H55: 0.063865703 | I55: -0.028657982 | J55: 0.455 | K55: 0 | M55: Intercept | N55: {=_xlfn.LET( _xlpm.keyA, U53, _xlpm.keyB, V53, _xlpm.rowKeys, M55:M61, _xlpm.colKeys, N54:V54, _xlpm.data, 'Batch Output'!$C:$Z, _xlpm.rowMatch, _xlfn.XMATCH(_xlpm.rowKeys, 'Batch Output'!$C:$C), _xlpm.colMatch, _xlfn.XMATCH(_xlpm.colKeys, 'Batch Output'!$1:$1), _xlpm.batchMatchRows, _xlfn._xlws.FILTER(ROW('Batch Output'!$A:$A), ('Batch Output'!$A:$A=_xlpm.keyA)*('Batch Output'!$B:$B=_xlpm.keyB)), _xlpm.firstMatchRow, INDEX(_xlpm.batchMatchRows, 1), INDEX(_xlpm.data, _xlpm.rowMatch + _xlpm.firstMatchRow - 2, _xlpm.colMatch - 2) )} -> 106.8125 | O55: 101.41365 | P55: -5.3988027 | Q55: 1.497063 | R55: 1.688568 | S55: 0.12792028 | T55: -0.050544692 | U55: 0.08 | V55: 0 | X55: Intercept | Y55: 107.08 | Z55: 104.00879 | AA55: -3.06862 | AB55: -0.02866 | AC55: 1.373611 | AD55: 1.461338 | AE55: 0.06387 | AF55: 0.455 | AG55: 0 | AI55: Intercept | AJ55: 106.81 | AK55: 101.41365 | AL55: -5.3988 | AM55: -0.05054 | AN55: 1.497063 | AO55: 1.688568 | AP55: 0.12792 | AQ55: 0.08 | AR55: 0
B56: age_strat_new | C56: -4.7686 | D56: -4.823564 | E56: -0.054922033 | F56: 0.521734 | G56: 0.556691 | H56: 0.067002298 | I56: 0.011517333 | J56: 0.967 | K56: 0 | M56: age_strat_new | N56: -4.7993 | O56: -5.031321 | P56: -0.23203895 | Q56: 0.580645 | R56: 0.628481 | S56: 0.082383882 | T56: 0.048348682 | U56: 0.955 | V56: 0 | X56: age_strat_new | Y56: -4.77 | Z56: -4.823564 | AA56: -0.05492 | AB56: 0.01152 | AC56: 0.521734 | AD56: 0.556691 | AE56: 0.067 | AF56: 0.967 | AG56: 0 | AI56: age_strat_new | AJ56: -4.8 | AK56: -5.031321 | AL56: -0.23204 | AM56: 0.04835 | AN56: 0.580645 | AO56: 0.628481 | AP56: 0.08238 | AQ56: 0.955 | AR56: 0
B57: x12 | C57: 8.6967 | D57: 10.655161 | E57: 1.9584625 | F57: 0.331676 | G57: 0.326441 | H57: -0.015783464 | I57: 0.22519609 | J57: 0 | K57: 0 | M57: x12 | N57: 8.7022 | O57: 11.689633 | P57: 2.987426 | Q57: 0.385947 | R57: 0.364672 | S57: -0.05512412 | T57: 0.3432952 | U57: 0 | V57: 0 | X57: x12 | Y57: 8.7 | Z57: 10.655161 | AA57: 1.95846 | AB57: 0.2252 | AC57: 0.331676 | AD57: 0.326441 | AE57: -0.01578 | AF57: 0 | AG57: 0 | AI57: x12 | AJ57: 8.7 | AK57: 11.689633 | AL57: 2.98743 | AM57: 0.3433 | AN57: 0.385947 | AO57: 0.364672 | AP57: -0.05512 | AQ57: 0 | AR57: 0
B58: x17 | C58: -1.6103 | D58: -1.024181 | E58: 0.58611357 | F58: 0.332424 | G58: 0.353811 | H58: 0.064338376 | I58: -0.36397911 | J58: 0.626 | K58: 0 | M58: x17 | N58: -1.5806 | O58: -0.658082 | P58: 0.92254344 | Q58: 0.373056 | R58: 0.418528 | S58: 0.12188976 | T58: -0.58365704 | U58: 0.397 | V58: 0 | X58: x17 | Y58: -1.61 | Z58: -1.024181 | AA58: 0.58611 | AB58: -0.36398 | AC58: 0.332424 | AD58: 0.353811 | AE58: 0.06434 | AF58: 0.626 | AG58: 0 | AI58: x17 | AJ58: -1.58 | AK58: -0.658082 | AL58: 0.92254 | AM58: -0.58366 | AN58: 0.373056 | AO58: 0.418528 | AP58: 0.12189 | AQ58: 0.397 | AR58: 0
B59: x18 | C59: -7.9152 | D59: -9.626802 | E59: -1.7116266 | F59: 0.38893 | G59: 0.398038 | H59: 0.023417908 | I59: 0.2162462 | J59: 0.008 | K59: 0 | M59: x18 | N59: -7.7764 | O59: -10.39542 | P59: -2.618991 | Q59: 0.451776 | R59: 0.444819 | S59: -0.015398387 | T59: 0.33678582 | U59: 0 | V59: 0 | X59: x18 | Y59: -7.92 | Z59: -9.626802 | AA59: -1.71163 | AB59: 0.21625 | AC59: 0.38893 | AD59: 0.398038 | AE59: 0.02342 | AF59: 0.008 | AG59: 0 | AI59: x18 | AJ59: -7.78 | AK59: -10.39542 | AL59: -2.61899 | AM59: 0.33679 | AN59: 0.451776 | AO59: 0.444819 | AP59: -0.0154 | AQ59: 0 | AR59: 0
B60: x6 | C60: 5.8681 | D60: 5.792581 | E60: -0.075558161 | F60: 0.026415 | G60: 0.027499 | H60: 0.041023806 | I60: -0.012876 | J60: 0.236 | K60: 0 | M60: x6 | N60: 5.8644 | O60: 5.815492 | P60: -0.048918522 | Q60: 0.023378 | R60: 0.024734 | S60: 0.057977002 | T60: -0.008341592 | U60: 0.497 | V60: 0 | X60: x6 | Y60: 5.87 | Z60: 5.792581 | AA60: -0.07556 | AB60: -0.01288 | AC60: 0.026415 | AD60: 0.027499 | AE60: 0.04102 | AF60: 0.236 | AG60: 0 | AI60: x6 | AJ60: 5.86 | AK60: 5.815492 | AL60: -0.04892 | AM60: -0.00834 | AN60: 0.023378 | AO60: 0.024734 | AP60: 0.05798 | AQ60: 0.497 | AR60: 0
B61: y_bmi | C61: 0.0284 | D61: 0.02521 | E61: -0.003206929 | F61: 0.016829 | G61: 0.018624 | H61: 0.10664406 | I61: -0.11285436 | J61: 0.969 | K61: 0 | M61: y_bmi | N61: 0.0321 | O61: 0.032293 | P61: 0.0001850145 | Q61: 0.014694 | R61: 0.016961 | S61: 0.15428547 | T61: 0.0057621864 | U61: 0.975 | V61: 0 | X61: y_bmi | Y61: 0.03 | Z61: 0.02521 | AA61: -0.00321 | AB61: -0.11285 | AC61: 0.016829 | AD61: 0.018624 | AE61: 0.10664 | AF61: 0.969 | AG61: 0 | AI61: y_bmi | AJ61: 0.03 | AK61: 0.032293 | AL61: 0.00019 | AM61: 0.00576 | AN61: 0.014694 | AO61: 0.016961 | AP61: 0.15429 | AQ61: 0.975 | AR61: 0
A63: [NO MI] [NOMISS] | B63: [6][PROC GENMOD][IND CORR][NO MI][RR_glm_strat][bghhsub_s2_nr] | J63: =INDEX('Method Codes'!$B:$B, MATCH(B63, 'Method Codes'!$I:$I,0)) -> IND | K63: =INDEX('Method Codes'!H:H, MATCH(B63, 'Method Codes'!I:I,0)) -> 6E | M63: [6][PROC GENMOD][EXCH CORR][NO MI][RR_glm_strat][bghhsub_s2_nr] | U63: =INDEX('Method Codes'!$B:$B, MATCH(M63, 'Method Codes'!$I:$I,0)) -> EXCH | V63: =INDEX('Method Codes'!$H:$H, MATCH(M63, 'Method Codes'!$I:$I,0)) -> 6E | X63: [6][PROC GENMOD][IND CORR][NO MI][RR_glm_strat][bghhsub_s2_nr][SUDAAN TRUE] | AI63: [6][PROC GENMOD][EXCH CORR][NO MI][RR_glm_strat][bghhsub_s2_nr][SUDAAN TRUE] | AS63: [NO MI] [IPW]
B64: Effect | C64: True Value | D64: Estimate | E64: Empirical Bias | F64: Relative Bias | G64: Empirical SE | H64: Estimated SE | I64: Relative SE difference | J64: Coverage | K64: P(reject H0) | M64: Effect | N64: True Value | O64: Estimate | P64: Empirical Bias | Q64: Relative Bias | R64: Empirical SE | S64: Estimated SE | T64: Relative SE difference | U64: Coverage | V64: P(reject H0) | X64: Effect | Y64: True Value | Z64: Estimate | AA64: Empirical Bias | AB64: Relative Bias | AC64: Empirical SE | AD64: Estimated SE | AE64: Relative SE difference | AF64: Coverage | AG64: P(reject H0) | AI64: Effect | AJ64: True Value | AK64: Estimate | AL64: Empirical Bias | AM64: Relative Bias | AN64: Empirical SE | AO64: Estimated SE | AP64: Relative SE difference | AQ64: Coverage | AR64: P(reject H0)
B65: Intercept | C65: {=_xlfn.LET( _xlpm.keyA, J63, _xlpm.keyB, K63, _xlpm.rowKeys, B65:B71, _xlpm.colKeys, C64:K64, _xlpm.data, 'Batch Output'!$C:$Z, _xlpm.rowMatch, _xlfn.XMATCH(_xlpm.rowKeys, 'Batch Output'!$C:$C), _xlpm.colMatch, _xlfn.XMATCH(_xlpm.colKeys, 'Batch Output'!$1:$1), _xlpm.batchMatchRows, _xlfn._xlws.FILTER(ROW('Batch Output'!$A:$A), ('Batch Output'!$A:$A=_xlpm.keyA)*('Batch Output'!$B:$B=_xlpm.keyB)), _xlpm.firstMatchRow, INDEX(_xlpm.batchMatchRows, 1), INDEX(_xlpm.data, _xlpm.rowMatch + _xlpm.firstMatchRow - 2, _xlpm.colMatch - 2) )} -> 107.0774 | D65: 107.06406 | E65: -0.013343226 | F65: 1.553402 | G65: 1.595319 | H65: 0.026984035 | I65: -0.000124613 | J65: 0.957 | K65: 1 | M65: Intercept | N65: {=_xlfn.LET( _xlpm.keyA, U63, _xlpm.keyB, V63, _xlpm.rowKeys, M65:M71, _xlpm.colKeys, N64:V64, _xlpm.data, 'Batch Output'!$C:$Z, _xlpm.rowMatch, _xlfn.XMATCH(_xlpm.rowKeys, 'Batch Output'!$C:$C), _xlpm.colMatch, _xlfn.XMATCH(_xlpm.colKeys, 'Batch Output'!$1:$1), _xlpm.batchMatchRows, _xlfn._xlws.FILTER(ROW('Batch Output'!$A:$A), ('Batch Output'!$A:$A=_xlpm.keyA)*('Batch Output'!$B:$B=_xlpm.keyB)), _xlpm.firstMatchRow, INDEX(_xlpm.batchMatchRows, 1), INDEX(_xlpm.data, _xlpm.rowMatch + _xlpm.firstMatchRow - 2, _xlpm.colMatch - 2) )} -> 106.8125 | O65: 105.60813 | P65: -1.2043287 | Q65: 1.706845 | R65: 1.793019 | S65: 0.050487322 | T65: -0.011275171 | U65: 0.899 | V65: 1 | X65: Intercept | Y65: 107.08 | Z65: 107.0641 | AA65: -0.013343 | AB65: -0.000125 | AC65: 1.5534 | AD65: 1.5953 | AE65: 0.026984 | AF65: 0.957 | AG65: 1 | AI65: Intercept | AJ65: 106.81 | AK65: 105.6081 | AL65: -1.20433 | AM65: -0.01128 | AN65: 1.7068 | AO65: 1.793 | AP65: 0.050487 | AQ65: 0.899 | AR65: 1
B66: age_strat_new | C66: -4.7686 | D66: -4.775205 | E66: -0.006563538 | F66: 0.585084 | G66: 0.594293 | H66: 0.015739698 | I66: 0.0013763958 | J66: 0.953 | K66: 1 | M66: age_strat_new | N66: -4.7993 | O66: -4.915478 | P66: -0.11619578 | Q66: 0.641682 | R66: 0.65269 | S66: 0.017155843 | T66: 0.024211075 | U66: 0.949 | V66: 1 | X66: age_strat_new | Y66: -4.77 | Z66: -4.7752 | AA66: -0.006564 | AB66: 0.001376 | AC66: 0.5851 | AD66: 0.5943 | AE66: 0.01574 | AF66: 0.953 | AG66: 1 | AI66: age_strat_new | AJ66: -4.8 | AK66: -4.9155 | AL66: -0.1162 | AM66: 0.02421 | AN66: 0.6417 | AO66: 0.6527 | AP66: 0.017156 | AQ66: 0.949 | AR66: 1
B67: x12 | C67: 8.6967 | D67: 8.702231 | E67: 0.0055320161 | F67: 0.359033 | G67: 0.356319 | H67: -0.007557492 | I67: 0.0006361053 | J67: 0.95 | K67: 1 | M67: x12 | N67: 8.7022 | O67: 9.185119 | P67: 0.48291187 | Q67: 0.38634 | R67: 0.383522 | S67: -0.007293101 | T67: 0.055493032 | U67: 0.751 | V67: 1 | X67: x12 | Y67: 8.7 | Z67: 8.7022 | AA67: 0.005532 | AB67: 0.000636 | AC67: 0.359 | AD67: 0.3563 | AE67: -0.007557 | AF67: 0.95 | AG67: 1 | AI67: x12 | AJ67: 8.7 | AK67: 9.1851 | AL67: 0.48291 | AM67: 0.05549 | AN67: 0.3863 | AO67: 0.3835 | AP67: -0.007293 | AQ67: 0.751 | AR67: 1
B68: x17 | C68: -1.6103 | D68: -1.601801 | E68: 0.00849385 | F68: 0.366724 | G68: 0.38128 | H68: 0.039693184 | I68: -0.005274718 | J68: 0.959 | K68: 0.992 | M68: x17 | N68: -1.5806 | O68: -1.44571 | P68: 0.1349163 | Q68: 0.413912 | R68: 0.438518 | S68: 0.059448703 | T68: -0.085356248 | U68: 0.956 | V68: 0.911 | X68: x17 | Y68: -1.61 | Z68: -1.6018 | AA68: 0.008494 | AB68: -0.005275 | AC68: 0.3667 | AD68: 0.3813 | AE68: 0.039693 | AF68: 0.959 | AG68: 0.992 | AI68: x17 | AJ68: -1.58 | AK68: -1.4457 | AL68: 0.13492 | AM68: -0.08536 | AN68: 0.4139 | AO68: 0.4385 | AP68: 0.059449 | AQ68: 0.956 | AR68: 0.911
B69: x18 | C69: -7.9152 | D69: -7.930302 | E69: -0.015126741 | F69: 0.432469 | G69: 0.444277 | H69: 0.027303363 | I69: 0.0019111062 | J69: 0.951 | K69: 1 | M69: x18 | N69: -7.7764 | O69: -8.272906 | P69: -0.49647716 | Q69: 0.475186 | R69: 0.477009 | S69: 0.0038360771 | T69: 0.063843849 | U69: 0.824 | V69: 1 | X69: x18 | Y69: -7.92 | Z69: -7.9303 | AA69: -0.015127 | AB69: 0.001911 | AC69: 0.4325 | AD69: 0.4443 | AE69: 0.027303 | AF69: 0.951 | AG69: 1 | AI69: x18 | AJ69: -7.78 | AK69: -8.2729 | AL69: -0.49648 | AM69: 0.06384 | AN69: 0.4752 | AO69: 0.477 | AP69: 0.003836 | AQ69: 0.824 | AR69: 1
B70: x6 | C70: 5.8681 | D70: 5.872097 | E70: 0.0039580058 | F70: 0.031053 | G70: 0.033739 | H70: 0.086488518 | I70: 0.0006744908 | J70: 0.966 | K70: 1 | M70: x6 | N70: 5.8644 | O70: 5.867906 | P70: 0.0034949355 | Q70: 0.027945 | R70: 0.030285 | S70: 0.083748182 | T70: 0.0005959568 | U70: 0.969 | V70: 1 | X70: x6 | Y70: 5.87 | Z70: 5.8721 | AA70: 0.003958 | AB70: 0.000674 | AC70: 0.0311 | AD70: 0.0337 | AE70: 0.086489 | AF70: 0.966 | AG70: 1 | AI70: x6 | AJ70: 5.86 | AK70: 5.8679 | AL70: 0.00349 | AM70: 0.0006 | AN70: 0.0279 | AO70: 0.0303 | AP70: 0.083748 | AQ70: 0.969 | AR70: 1
B71: y_bmi | C71: 0.0284 | D71: 0.027997 | E71: -0.00041951 | F71: 0.019595 | G71: 0.019585 | H71: -0.000490773 | I71: -0.01476289 | J71: 0.952 | K71: 0.285 | M71: y_bmi | N71: 0.0321 | O71: 0.037501 | P71: 0.0053926139 | Q71: 0.017912 | R71: 0.018099 | S71: 0.01042203 | T71: 0.16795029 | U71: 0.936 | V71: 0.536 | X71: y_bmi | Y71: 0.03 | Z71: 0.028 | AA71: -0.00042 | AB71: -0.014763 | AC71: 0.0196 | AD71: 0.0196 | AE71: -0.000491 | AF71: 0.952 | AG71: 0.285 | AI71: y_bmi | AJ71: 0.03 | AK71: 0.0375 | AL71: 0.00539 | AM71: 0.16795 | AN71: 0.0179 | AO71: 0.0181 | AP71: 0.010422 | AQ71: 0.936 | AR71: 0.536

Sheet Coverages (RR_glm_agestrat)
B1: SAMPLEMISS_1 - SAMPLEMISS_1000 | X1: SUDAAN-Based True Values (SAMPLEMISS_1 - SAMPLEMISS_1000)
B2: [IND CORR][GEE True] | M2: [EXCH CORR][SUDAAN TRUE] | X2: [IND CORR] | AI2: [EXCH CORR]
A3: [MI] | B3: [1][PROC GENMOD][IND CORR][MI][RR_glm_agestrat_strat][bghhsub_s2] | J3: =INDEX('Method Codes'!$B:$B, MATCH(B3, 'Method Codes'!$I:$I,0)) -> IND | K3: =INDEX('Method Codes'!$H:$H, MATCH(B3, 'Method Codes'!$I:$I,0)) -> 1I | M3: [1][PROC GENMOD][EXCH CORR][MI][RR_glm_agestrat_strat][bghhsub_s2] | U3: =INDEX('Method Codes'!$B:$B, MATCH(M3, 'Method Codes'!$I:$I,0)) -> EXCH | V3: =INDEX('Method Codes'!$H:$H, MATCH(M3, 'Method Codes'!$I:$I,0)) -> 1I | X3: [1][PROC GENMOD][IND CORR][MI][RR_glm_agestrat_strat][bghhsub_s2][SUDAAN TRUE] | AI3: [1][PROC GENMOD][EXCH CORR][MI][RR_glm_agestrat_strat][bghhsub_s2][SUDAAN TRUE] | AS3: [MI] | AU3: 1
B4: Effect | C4: True Value | D4: Estimate | E4: Empirical Bias | F4: Relative Bias | G4: Empirical SE | H4: Estimated SE | I4: Relative SE difference | J4: Coverage | K4: P(reject H0) | M4: Effect | N4: True Value | O4: Estimate | P4: Empirical Bias | Q4: Relative Bias | R4: Empirical SE | S4: Estimated SE | T4: Relative SE difference | U4: Coverage | V4: P(reject H0) | X4: Effect | Y4: True Value | Z4: Estimate | AA4: Empirical Bias | AB4: Relative Bias | AC4: Empirical SE | AD4: Estimated SE | AE4: Relative SE difference | AF4: Coverage | AG4: P(reject H0) | AI4: Effect | AJ4: True Value | AK4: Estimate | AL4: Empirical Bias | AM4: Relative Bias | AN4: Empirical SE | AO4: Estimated SE | AP4: Relative SE difference | AQ4: Coverage | AR4: P(reject H0) | AU4: IPW weights in MI step
B5: Intercept | C5: {=_xlfn.LET( _xlpm.keyA, J3, _xlpm.keyB, K3, _xlpm.rowKeys, B5:B11, _xlpm.colKeys, C4:K4, _xlpm.data, 'Batch Output'!$C:$Z, _xlpm.rowMatch, _xlfn.XMATCH(_xlpm.rowKeys, 'Batch Output'!$C:$C), _xlpm.colMatch, _xlfn.XMATCH(_xlpm.colKeys, 'Batch Output'!$1:$1), _xlpm.batchMatchRows, _xlfn._xlws.FILTER(ROW('Batch Output'!$A:$A), ('Batch Output'!$A:$A=_xlpm.keyA)*('Batch Output'!$B:$B=_xlpm.keyB)), _xlpm.firstMatchRow, INDEX(_xlpm.batchMatchRows, 1), INDEX(_xlpm.data, _xlpm.rowMatch + _xlpm.firstMatchRow - 2, _xlpm.colMatch - 2) )} -> 107.0774 | D5: 107.14 | E5: 0.062590153 | F5: 1.348496 | G5: 1.357087 | H5: 0.0063712287 | I5: 0.0005845318 | J5: 0.94358974 | K5: 0 | M5: Intercept | N5: {=_xlfn.LET( _xlpm.keyA, U3, _xlpm.keyB, V3, _xlpm.rowKeys, M5:M11, _xlpm.colKeys, N4:V4, _xlpm.data, 'Batch Output'!$C:$Z, _xlpm.rowMatch, _xlfn.XMATCH(_xlpm.rowKeys, 'Batch Output'!$C:$C), _xlpm.colMatch, _xlfn.XMATCH(_xlpm.colKeys, 'Batch Output'!$1:$1), _xlpm.batchMatchRows, _xlfn._xlws.FILTER(ROW('Batch Output'!$A:$A), ('Batch Output'!$A:$A=_xlpm.keyA)*('Batch Output'!$B:$B=_xlpm.keyB)), _xlpm.firstMatchRow, INDEX(_xlpm.batchMatchRows, 1), INDEX(_xlpm.data, _xlpm.rowMatch + _xlpm.firstMatchRow - 2, _xlpm.colMatch - 2) )} -> 106.8125 | O5: 107.27319 | P5: 0.46073543 | Q5: 1.378612 | R5: 1.393003 | S5: 0.010438638 | T5: 0.004313499 | U5: 0.93645833 | V5: 0 | X5: Intercept | Y5: 107.08 | Z5: 107.11105 | AA5: 0.033642 | AB5: 0.000314 | AC5: 1.371326 | AD5: 1.358079 | AE5: -0.00966 | AF5: 0.946 | AG5: 0 | AI5: Intercept | AJ5: 106.81 | AK5: 107.23872 | AL5: 0.42626 | AM5: 0.00399 | AN5: 1.398466 | AO5: 1.393958 | AP5: -0.00322 | AQ5: 0.939 | AR5: 0 | AU5: V1 weights in fitting step
B6: age_strat_new | C6: -4.7686 | D6: -4.774838 | E6: -0.00619591 | F6: 0.521175 | G6: 0.519538 | H6: -0.003141885 | I6: 0.0012993028 | J6: 0.94974359 | K6: 0 | M6: age_strat_new | N6: -4.7993 | O6: -4.748113 | P6: 0.051169293 | Q6: 0.539178 | R6: 0.560737 | S6: 0.03998467 | T6: -0.010661865 | U6: 0.94895833 | V6: 0 | X6: age_strat_new | Y6: -4.77 | Z6: -4.778272 | AA6: -0.009631 | AB6: 0.00202 | AC6: 0.514222 | AD6: 0.52087 | AE6: 0.012929 | AF6: 0.953 | AG6: 0 | AI6: age_strat_new | AJ6: -4.8 | AK6: -4.754387 | AL6: 0.04489 | AM6: -0.00935 | AN6: 0.56942 | AO6: 0.563645 | AP6: -0.01014 | AQ6: 0.947 | AR6: 0
B7: x12 | C7: 8.6967 | D7: 8.704299 | E7: 0.007599986 | F7: 0.307797 | G7: 0.305819 | H7: -0.006425732 | I7: 0.0008738932 | J7: 0.95179487 | K7: 0 | M7: x12 | N7: 8.7022 | O7: 8.70543 | P7: 0.0032229612 | Q7: 0.341401 | R7: 0.343022 | S7: 0.0047476276 | T7: 0.0003703613 | U7: 0.94895833 | V7: 0 | X7: x12 | Y7: 8.7 | Z7: 8.695056 | AA7: -0.001643 | AB7: -0.000189 | AC7: 0.311997 | AD7: 0.305913 | AE7: -0.019501 | AF7: 0.945 | AG7: 0 | AI7: x12 | AJ7: 8.7 | AK7: 8.699097 | AL7: -0.00311 | AM7: -0.00036 | AN7: 0.355339 | AO7: 0.343273 | AP7: -0.03396 | AQ7: 0.948 | AR7: 0 | AU7: IPW weights = base weights / RR
B8: x17 | C8: -1.6103 | D8: -1.615033 | E8: -0.004738183 | F8: 0.334942 | G8: 0.329585 | H8: -0.015994441 | I8: 0.0029424325 | J8: 0.94358974 | K8: 0 | M8: x17 | N8: -1.5806 | O8: -1.740159 | P8: -0.15953343 | Q8: 0.347554 | R8: 0.348162 | S8: 0.0017495415 | T8: 0.10093054 | U8: 0.91875 | V8: 0 | X8: x17 | Y8: -1.61 | Z8: -1.6152 | AA8: -0.004905 | AB8: 0.003046 | AC8: 0.328551 | AD8: 0.329671 | AE8: 0.003409 | AF8: 0.95 | AG8: 0 | AI8: x17 | AJ8: -1.58 | AK8: -1.739386 | AL8: -0.15876 | AM8: 0.10044 | AN8: 0.347185 | AO8: 0.348799 | AP8: 0.00465 | AQ8: 0.93 | AR8: 0 | AU8: RR = visit-specific missing prob calculated from Logistic
B9: x18 | C9: -7.9152 | D9: -7.923074 | E9: -0.007897871 | F9: 0.36949 | G9: 0.379281 | H9: 0.026498571 | I9: 0.0009978138 | J9: 0.96102564 | K9: 0 | M9: x18 | N9: -7.7764 | O9: -7.835956 | P9: -0.059527496 | Q9: 0.407629 | R9: 0.424291 | S9: 0.040874684 | T9: 0.0076548627 | U9: 0.95729167 | V9: 0 | X9: x18 | Y9: -7.92 | Z9: -7.929511 | AA9: -0.014336 | AB9: 0.001811 | AC9: 0.369763 | AD9: 0.379663 | AE9: 0.026775 | AF9: 0.955 | AG9: 0 | AI9: x18 | AJ9: -7.78 | AK9: -7.823023 | AL9: -0.04659 | AM9: 0.00599 | AN9: 0.418459 | AO9: 0.425305 | AP9: 0.01636 | AQ9: 0.95 | AR9: 0
B10: x6 | C10: 5.8681 | D10: 5.871232 | E10: 0.0030929071 | F10: 0.022979 | G10: 0.023378 | H10: 0.01737237 | I10: 0.0005270678 | J10: 0.95794872 | K10: 0 | M10: x6 | N10: 5.8644 | O10: 5.857647 | P10: -0.006763726 | Q10: 0.021228 | R10: 0.021934 | S10: 0.033258861 | T10: -0.001153351 | U10: 0.95208333 | V10: 0 | X10: x6 | Y10: 5.87 | Z10: 5.869596 | AA10: 0.001457 | AB10: 0.000248 | AC10: 0.022498 | AD10: 0.023293 | AE10: 0.035345 | AF10: 0.963 | AG10: 0 | AI10: x6 | AJ10: 5.86 | AK10: 5.856056 | AL10: -0.00835 | AM10: -0.00142 | AN10: 0.020722 | AO10: 0.02183 | AP10: 0.05346 | AQ10: 0.948 | AR10: 0
B11: y_bmi | C11: 0.0284 | D11: 0.026945 | E11: -0.001471074 | F11: 0.016625 | G11: 0.017082 | H11: 0.027463663 | I11: -0.051768274 | J11: 0.94666667 | K11: 0 | M11: y_bmi | N11: 0.0321 | O11: 0.040435 | P11: 0.0083263832 | Q11: 0.013842 | R11: 0.015069 | S11: 0.088673757 | T11: 0.25932109 | U11: 0.93645833 | V11: 0 | X11: y_bmi | Y11: 0.03 | Z11: 0.027983 | AA11: -0.000433 | AB11: -0.015239 | AC11: 0.016251 | AD11: 0.017087 | AE11: 0.051466 | AF11: 0.958 | AG11: 0 | AI11: y_bmi | AJ11: 0.03 | AK11: 0.041245 | AL11: 0.00914 | AM11: 0.28455 | AN11: 0.013598 | AO11: 0.015038 | AP11: 0.10585 | AQ11: 0.934 | AR11: 0
A13: [NO MI] | B13: [2][PROC GENMOD][IND CORR][NO MI][RR_glm_agestrat_strat][bghhsub_s2] | J13: =INDEX('Method Codes'!$B:$B, MATCH(B13, 'Method Codes'!$I:$I,0)) -> IND | K13: =INDEX('Method Codes'!H:H, MATCH(B13, 'Method Codes'!I:I,0)) -> 2Q | M13: [2][PROC GENMOD][EXCH CORR][NO MI][RR_glm_agestrat_strat][bghhsub_s2] | U13: =INDEX('Method Codes'!$B:$B, MATCH(M13, 'Method Codes'!$I:$I,0)) -> EXCH | V13: =INDEX('Method Codes'!$H:$H, MATCH(M13, 'Method Codes'!$I:$I,0)) -> 2Q | X13: [2][PROC GENMOD][IND CORR][NO MI][RR_glm_agestrat_strat][bghhsub_s2][SUDAAN TRUE] | AI13: [2][PROC GENMOD][EXCH CORR][NO MI][RR_glm_agestrat_strat][bghhsub_s2][SUDAAN TRUE] | AS13: [NO MI] | AU13: 2
B14: Effect | C14: True Value | D14: Estimate | E14: Empirical Bias | F14: Relative Bias | G14: Empirical SE | H14: Estimated SE | I14: Relative SE difference | J14: Coverage | K14: P(reject H0) | M14: Effect | N14: True Value | O14: Estimate | P14: Empirical Bias | Q14: Relative Bias | R14: Empirical SE | S14: Estimated SE | T14: Relative SE difference | U14: Coverage | V14: P(reject H0) | X14: Effect | Y14: True Value | Z14: Estimate | AA14: Empirical Bias | AB14: Relative Bias | AC14: Empirical SE | AD14: Estimated SE | AE14: Relative SE difference | AF14: Coverage | AG14: P(reject H0) | AI14: Effect | AJ14: True Value | AK14: Estimate | AL14: Empirical Bias | AM14: Relative Bias | AN14: Empirical SE | AO14: Estimated SE | AP14: Relative SE difference | AQ14: Coverage | AR14: P(reject H0)
B15: Intercept | C15: {=_xlfn.LET( _xlpm.keyA, J13, _xlpm.keyB, K13, _xlpm.rowKeys, B15:B21, _xlpm.colKeys, C14:K14, _xlpm.data, 'Batch Output'!$C:$Z, _xlpm.rowMatch, _xlfn.XMATCH(_xlpm.rowKeys, 'Batch Output'!$C:$C), _xlpm.colMatch, _xlfn.XMATCH(_xlpm.colKeys, 'Batch Output'!$1:$1), _xlpm.batchMatchRows, _xlfn._xlws.FILTER(ROW('Batch Output'!$A:$A), ('Batch Output'!$A:$A=_xlpm.keyA)*('Batch Output'!$B:$B=_xlpm.keyB)), _xlpm.firstMatchRow, INDEX(_xlpm.batchMatchRows, 1), INDEX(_xlpm.data, _xlpm.rowMatch + _xlpm.firstMatchRow - 2, _xlpm.colMatch - 2) )} -> 107.0774 | D15: 110.02613 | E15: 2.9487247 | F15: 1.490648 | G15: 1.49565 | H15: 0.0033557441 | I15: 0.027538252 | J15: 0.482 | K15: 1 | M15: Intercept | N15: {=_xlfn.LET( _xlpm.keyA, U13, _xlpm.keyB, V13, _xlpm.rowKeys, M15:M21, _xlpm.colKeys, N14:V14, _xlpm.data, 'Batch Output'!$C:$Z, _xlpm.rowMatch, _xlfn.XMATCH(_xlpm.rowKeys, 'Batch Output'!$C:$C), _xlpm.colMatch, _xlfn.XMATCH(_xlpm.colKeys, 'Batch Output'!$1:$1), _xlpm.batchMatchRows, _xlfn._xlws.FILTER(ROW('Batch Output'!$A:$A), ('Batch Output'!$A:$A=_xlpm.keyA)*('Batch Output'!$B:$B=_xlpm.keyB)), _xlpm.firstMatchRow, INDEX(_xlpm.batchMatchRows, 1), INDEX(_xlpm.data, _xlpm.rowMatch + _xlpm.firstMatchRow - 2, _xlpm.colMatch - 2) )} -> 106.8125 | O15: 111.01025 | P15: 4.1977971 | Q15: 1.415408 | R15: 1.408414 | S15: -0.004941347 | T15: 0.039300633 | U15: 0.15208333 | V15: 1 | X15: Intercept | Y15: 107.08 | Z15: 109.9644 | AA15: 2.887 | AB15: 0.02696 | AC15: 1.5005 | AD15: 1.4966 | AE15: -0.002553 | AF15: 0.515 | AG15: 1 | AI15: Intercept | AJ15: 106.81 | AK15: 111.0097 | AL15: 4.19725 | AM15: 0.0393 | AN15: 1.4167 | AO15: 1.4091 | AP15: -0.005398 | AQ15: 0.152 | AR15: 1 | AU15: V1 weights in fitting step
B16: age_strat_new | C16: -4.7686 | D16: -4.829634 | E16: -0.060992094 | F16: 0.574733 | G16: 0.559298 | H16: -0.026856227 | I16: 0.012790245 | J16: 0.94 | K16: 1 | M16: age_strat_new | N16: -4.7993 | O16: -4.77889 | P16: 0.02039214 | Q16: 0.559001 | R16: 0.559793 | S16: 0.0014173969 | T16: -0.004248998 | U16: 0.946875 | V16: 1 | X16: age_strat_new | Y16: -4.77 | Z16: -4.8293 | AA16: -0.06068 | AB16: 0.01272 | AC16: 0.5557 | AD16: 0.56 | AE16: 0.007881 | AF16: 0.945 | AG16: 1 | AI16: age_strat_new | AJ16: -4.8 | AK16: -4.7668 | AL16: 0.03245 | AM16: -0.00676 | AN16: 0.5706 | AO16: 0.562 | AP16: -0.015014 | AQ16: 0.948 | AR16: 1
B17: x12 | C17: 8.6967 | D17: 6.642926 | E17: -2.0537728 | F17: 0.332318 | G17: 0.335183 | H17: 0.0086211827 | I17: -0.23615545 | J17: 0 | K17: 1 | M17: x12 | N17: 8.7022 | O17: 6.080798 | P17: -2.6214096 | Q17: 0.349278 | R17: 0.350515 | S17: 0.0035399462 | T17: -0.30123502 | U17: 0 | V17: 1 | X17: x12 | Y17: 8.7 | Z17: 6.6327 | AA17: -2.06405 | AB17: -0.23734 | AC17: 0.3386 | AD17: 0.3349 | AE17: -0.010756 | AF17: 0 | AG17: 1 | AI17: x12 | AJ17: 8.7 | AK17: 6.0675 | AL17: -2.63474 | AM17: -0.30277 | AN17: 0.3653 | AO17: 0.3509 | AP17: -0.039189 | AQ17: 0 | AR17: 1
B18: x17 | C18: -1.6103 | D18: -2.138991 | E18: -0.52869662 | F18: 0.370065 | G18: 0.360497 | H18: -0.025854665 | I18: 0.32832292 | J18: 0.684 | K18: 1 | M18: x17 | N18: -1.5806 | O18: -2.427641 | P18: -0.84701472 | Q18: 0.355574 | R18: 0.349892 | S18: -0.015979223 | T18: 0.53587298 | U18: 0.33229167 | V18: 1 | X18: x17 | Y18: -1.61 | Z18: -2.1318 | AA18: -0.52149 | AB18: 0.32385 | AC18: 0.3539 | AD18: 0.3606 | AE18: 0.018873 | AF18: 0.714 | AG18: 1 | AI18: x17 | AJ18: -1.58 | AK18: -2.4339 | AL18: -0.85328 | AM18: 0.53984 | AN18: 0.346 | AO18: 0.3503 | AP18: 0.012655 | AQ18: 0.31 | AR18: 1
B19: x18 | C19: -7.9152 | D19: -6.090984 | E19: 1.8241913 | F19: 0.404639 | G19: 0.420037 | H19: 0.038053953 | I19: -0.23046757 | J19: 0.006 | K19: 1 | M19: x18 | N19: -7.7764 | O19: -5.563795 | P19: 2.212634 | Q19: 0.421779 | R19: 0.437253 | S19: 0.036687794 | T19: -0.28453086 | U19: 0 | V19: 1 | X19: x18 | Y19: -7.92 | Z19: -6.083 | AA19: 1.83213 | AB19: -0.23147 | AC19: 0.4089 | AD19: 0.4191 | AE19: 0.024997 | AF19: 0.01 | AG19: 1 | AI19: x18 | AJ19: -7.78 | AK19: -5.5367 | AL19: 2.23976 | AM19: -0.28802 | AN19: 0.4369 | AO19: 0.4354 | AP19: -0.003596 | AQ19: 0.001 | AR19: 1
B20: x6 | C20: 5.8681 | D20: 5.966577 | E20: 0.09843807 | F20: 0.030808 | G20: 0.029779 | H20: -0.033390526 | I20: 0.016775006 | J20: 0.095 | K20: 1 | M20: x6 | N20: 5.8644 | O20: 5.928327 | P20: 0.063916622 | Q20: 0.027259 | R20: 0.026608 | S20: -0.023875309 | T20: 0.01089907 | U20: 0.33125 | V20: 1 | X20: x6 | Y20: 5.87 | Z20: 5.9656 | AA20: 0.0975 | AB20: 0.01661 | AC20: 0.0286 | AD20: 0.0297 | AE20: 0.039216 | AF20: 0.084 | AG20: 1 | AI20: x6 | AJ20: 5.86 | AK20: 5.927 | AL20: 0.06255 | AM20: 0.01067 | AN20: 0.0254 | AO20: 0.0265 | AP20: 0.042536 | AQ20: 0.34 | AR20: 1
B21: y_bmi | C21: 0.0284 | D21: 0.026153 | E21: -0.002263973 | F21: 0.018305 | G21: 0.018207 | H21: -0.005376016 | I21: -0.079671018 | J21: 0.943 | K21: 0.306 | M21: y_bmi | N21: 0.0321 | O21: 0.04005 | P21: 0.0079414693 | Q21: 0.015701 | R21: 0.015519 | S21: -0.011551711 | T21: 0.24733313 | U21: 0.91979167 | V21: 0.73229167 | X21: y_bmi | Y21: 0.03 | Z21: 0.027 | AA21: -0.00137 | AB21: -0.04836 | AC21: 0.0186 | AD21: 0.0182 | AE21: -0.020529 | AF21: 0.94 | AG21: 0.323 | AI21: y_bmi | AJ21: 0.03 | AK21: 0.0405 | AL21: 0.00837 | AM21: 0.2607 | AN21: 0.0156 | AO21: 0.0155 | AP21: -0.004967 | AQ21: 0.913 | AR21: 0.736
AU22: 2.1: use visit-level IPW weights instead of V1 weights
A23: [MI] [NOMISS V3] | B23: [PROC GENMOD][IND CORR][MI][RR_glm_agestrat_strat][NOMISS V3][bghhsub_s2] | M23: [PROC GENMOD][EXCH CORR][MI][RR_glm_agestrat_strat][NOMISS V3][bghhsub_s2] | X23: [PROC GENMOD][IND CORR][MI][RR_glm_agestrat_strat][NOMISS V3][bghhsub_s2][SUDAAN TRUE] | AI23: [PROC GENMOD][EXCH CORR][MI][RR_glm_agestrat_strat][NOMISS V3][bghhsub_s2][SUDAAN TRUE] | AS23: [MI] [NOMISS V3]
B24: Effect | C24: True Value | D24: Estimate | E24: Empirical Bias | F24: Relative Bias | G24: Empirical SE | H24: Estimated SE | I24: Relative SE difference | J24: Coverage | K24: P(reject H0) | M24: Effect | N24: True Value | O24: Estimate | P24: Empirical Bias | Q24: Relative Bias | R24: Empirical SE | S24: Estimated SE | T24: Relative SE difference | U24: Coverage | V24: P(reject H0) | X24: Effect | Y24: True Value | Z24: Estimate | AA24: Empirical Bias | AB24: Relative Bias | AC24: Empirical SE | AD24: Estimated SE | AE24: Relative SE difference | AF24: Coverage | AG24: P(reject H0) | AI24: Effect | AJ24: True Value | AK24: Estimate | AL24: Empirical Bias | AM24: Relative Bias | AN24: Empirical SE | AO24: Estimated SE | AP24: Relative SE difference | AQ24: Coverage | AR24: P(reject H0)
B25: Intercept | C25: 107.0774 | D25: 102.95711 | E25: -4.12029 | F25: -0.03848 | G25: 2.455818 | H25: 2.587164 | I25: 0.053484 | J25: 0.638 | K25: 0 | M25: Intercept | N25: 105.9799 | O25: 102.98236 | P25: -2.99757 | Q25: -0.02828 | R25: 2.651135 | S25: 2.748955 | T25: 0.036897 | U25: 0.638 | V25: 0 | X25: Intercept | Y25: 107.08 | Z25: 102.95711 | AA25: -4.12029 | AB25: -0.03848 | AC25: 2.455818 | AD25: 2.587164 | AE25: 0.053484 | AF25: 0.638 | AG25: 0 | AI25: Intercept | AJ25: 106.81 | AK25: 102.98236 | AL25: -3.83009 | AM25: -0.03586 | AN25: 2.651135 | AO25: 2.748955 | AP25: 0.036897 | AQ25: 0.703 | AR25: 0
B26: age_strat_new | C26: -4.7686 | D26: -4.218512 | E26: 0.55013 | F26: -0.11536 | G26: 0.989477 | H26: 1.023644 | I26: 0.034531 | J26: 0.929 | K26: 0 | M26: age_strat_new | N26: -5.1666 | O26: -4.160372 | P26: 1.0062 | Q26: -0.19475 | R26: 1.124162 | S26: 1.145951 | T26: 0.019383 | U26: 0.929 | V26: 0 | X26: age_strat_new | Y26: -4.77 | Z26: -4.218512 | AA26: 0.55013 | AB26: -0.11536 | AC26: 0.989477 | AD26: 1.023644 | AE26: 0.034531 | AF26: 0.929 | AG26: 0 | AI26: age_strat_new | AJ26: -4.8 | AK26: -4.160372 | AL26: 0.63891 | AM26: -0.13313 | AN26: 1.124162 | AO26: 1.145951 | AP26: 0.019383 | AQ26: 0.92 | AR26: 0
B27: x12 | C27: 8.6967 | D27: 8.547964 | E27: -0.14873 | F27: -0.0171 | G27: 0.560568 | H27: 0.561887 | I27: 0.002354 | J27: 0.948 | K27: 0 | M27: x12 | N27: 8.6968 | O27: 8.577834 | P27: -0.119 | Q27: -0.01368 | R27: 0.677665 | S27: 0.657046 | T27: -0.030426 | U27: 0.948 | V27: 0 | X27: x12 | Y27: 8.7 | Z27: 8.547964 | AA27: -0.14873 | AB27: -0.0171 | AC27: 0.560568 | AD27: 0.561887 | AE27: 0.002354 | AF27: 0.948 | AG27: 0 | AI27: x12 | AJ27: 8.7 | AK27: 8.577834 | AL27: -0.12437 | AM27: -0.01429 | AN27: 0.677665 | AO27: 0.657046 | AP27: -0.030426 | AQ27: 0.941 | AR27: 0
B28: x17 | C28: -1.6103 | D28: -1.04567 | E28: 0.56462 | F28: -0.35063 | G28: 0.571257 | H28: 0.600298 | I28: 0.050837 | J28: 0.856 | K28: 0 | M28: x17 | N28: -1.5934 | O28: -1.147678 | P28: 0.44576 | Q28: -0.27975 | R28: 0.627665 | S28: 0.637036 | T28: 0.014931 | U28: 0.856 | V28: 0 | X28: x17 | Y28: -1.61 | Z28: -1.04567 | AA28: 0.56462 | AB28: -0.35063 | AC28: 0.571257 | AD28: 0.600298 | AE28: 0.050837 | AF28: 0.856 | AG28: 0 | AI28: x17 | AJ28: -1.58 | AK28: -1.147678 | AL28: 0.43295 | AM28: -0.27391 | AN28: 0.627665 | AO28: 0.637036 | AP28: 0.014931 | AQ28: 0.893 | AR28: 0
B29: x18 | C29: -7.9152 | D29: -8.206118 | E29: -0.29094 | F29: 0.03676 | G29: 0.785912 | H29: 0.776122 | I29: -0.012458 | J29: 0.927 | K29: 0 | M29: x18 | N29: -7.9049 | O29: -8.118057 | P29: -0.21316 | Q29: 0.02697 | R29: 0.942763 | S29: 0.906104 | T29: -0.038884 | U29: 0.927 | V29: 0 | X29: x18 | Y29: -7.92 | Z29: -8.206118 | AA29: -0.29094 | AB29: 0.03676 | AC29: 0.785912 | AD29: 0.776122 | AE29: -0.012458 | AF29: 0.927 | AG29: 0 | AI29: x18 | AJ29: -7.78 | AK29: -8.118057 | AL29: -0.34163 | AM29: 0.04393 | AN29: 0.942763 | AO29: 0.906104 | AP29: -0.038884 | AQ29: 0.915 | AR29: 0
B30: x6 | C30: 5.8681 | D30: 6.048017 | E30: 0.17988 | F30: 0.03065 | G30: 0.056091 | H30: 0.05741 | I30: 0.023526 | J30: 0.134 | K30: 0 | M30: x6 | N30: 5.8287 | O30: 6.034798 | P30: 0.20614 | Q30: 0.03537 | R30: 0.058563 | S30: 0.06123 | T30: 0.045537 | U30: 0.134 | V30: 0 | X30: x6 | Y30: 5.87 | Z30: 6.048017 | AA30: 0.17988 | AB30: 0.03065 | AC30: 0.056091 | AD30: 0.05741 | AE30: 0.023526 | AF30: 0.134 | AG30: 0 | AI30: x6 | AJ30: 5.86 | AK30: 6.034798 | AL30: 0.17039 | AM30: 0.02905 | AN30: 0.058563 | AO30: 0.06123 | AP30: 0.045537 | AQ30: 0.21 | AR30: 0
B31: y_bmi | C31: 0.0284 | D31: 0.018427 | E31: -0.00999 | F31: -0.35154 | G31: 0.042598 | H31: 0.044226 | I31: 0.038208 | J31: 0.975 | K31: 0 | M31: y_bmi | N31: 0.068 | O31: 0.030219 | P31: -0.03782 | Q31: -0.55584 | R31: 0.046173 | S31: 0.047756 | T31: 0.034274 | U31: 0.975 | V31: 0 | X31: y_bmi | Y31: 0.03 | Z31: 0.018427 | AA31: -0.00999 | AB31: -0.35154 | AC31: 0.042598 | AD31: 0.044226 | AE31: 0.038208 | AF31: 0.975 | AG31: 0 | AI31: y_bmi | AJ31: 0.03 | AK31: 0.030219 | AL31: -0.00189 | AM31: -0.05883 | AN31: 0.046173 | AO31: 0.047756 | AP31: 0.034274 | AQ31: 0.979 | AR31: 0
A33: [MI] [NOMISS V3] | B33: [3][PROC GENMOD][IND CORR][MI][RR_glm_agestrat_strat][NOMISS V3][bghhsub_s2_v3_nr] | J33: =INDEX('Method Codes'!$B:$B, MATCH(B33, 'Method Codes'!$I:$I,0)) -> IND | K33: =INDEX('Method Codes'!H:H, MATCH(B33, 'Method Codes'!I:I,0)) -> 3I | M33: [3][PROC GENMOD][EXCH CORR][MI][RR_glm_agestrat_strat][NOMISS V3][bghhsub_s2_v3_nr] | U33: =INDEX('Method Codes'!$B:$B, MATCH(M33, 'Method Codes'!$I:$I,0)) -> EXCH | V33: =INDEX('Method Codes'!$H:$H, MATCH(M33, 'Method Codes'!$I:$I,0)) -> 3I | X33: [3][PROC GENMOD][IND CORR][MI][RR_glm_agestrat_strat][NOMISS V3][bghhsub_s2_v3_nr][SUDAAN TRUE] | AI33: [3][PROC GENMOD][EXCH CORR][MI][RR_glm_agestrat_strat][NOMISS V3][bghhsub_s2_v3_nr][SUDAAN TRUE] | AS33: [MI] [NOMISS V3]
B34: Effect | C34: True Value | D34: Estimate | E34: Empirical Bias | F34: Relative Bias | G34: Empirical SE | H34: Estimated SE | I34: Relative SE difference | J34: Coverage | K34: P(reject H0) | M34: Effect | N34: True Value | O34: Estimate | P34: Empirical Bias | Q34: Relative Bias | R34: Empirical SE | S34: Estimated SE | T34: Relative SE difference | U34: Coverage | V34: P(reject H0) | X34: Effect | Y34: True Value | Z34: Estimate | AA34: Empirical Bias | AB34: Relative Bias | AC34: Empirical SE | AD34: Estimated SE | AE34: Relative SE difference | AF34: Coverage | AG34: P(reject H0) | AI34: Effect | AJ34: True Value | AK34: Estimate | AL34: Empirical Bias | AM34: Relative Bias | AN34: Empirical SE | AO34: Estimated SE | AP34: Relative SE difference | AQ34: Coverage | AR34: P(reject H0) | AU34: 3
B35: Intercept | C35: {=_xlfn.LET( _xlpm.keyA, J33, _xlpm.keyB, K33, _xlpm.rowKeys, B35:B41, _xlpm.colKeys, C34:K34, _xlpm.data, 'Batch Output'!$C:$Z, _xlpm.rowMatch, _xlfn.XMATCH(_xlpm.rowKeys, 'Batch Output'!$C:$C), _xlpm.colMatch, _xlfn.XMATCH(_xlpm.colKeys, 'Batch Output'!$1:$1), _xlpm.batchMatchRows, _xlfn._xlws.FILTER(ROW('Batch Output'!$A:$A), ('Batch Output'!$A:$A=_xlpm.keyA)*('Batch Output'!$B:$B=_xlpm.keyB)), _xlpm.firstMatchRow, INDEX(_xlpm.batchMatchRows, 1), INDEX(_xlpm.data, _xlpm.rowMatch + _xlpm.firstMatchRow - 2, _xlpm.colMatch - 2) )} -> 107.0774 | D35: 106.93315 | E35: -0.14425984 | F35: 2.280283 | G35: 2.33071 | H35: 0.022114536 | I35: -0.001347248 | J35: 0.95833333 | K35: 0 | M35: Intercept | N35: {=_xlfn.LET( _xlpm.keyA, U33, _xlpm.keyB, V33, _xlpm.rowKeys, M35:M41, _xlpm.colKeys, N34:V34, _xlpm.data, 'Batch Output'!$C:$Z, _xlpm.rowMatch, _xlfn.XMATCH(_xlpm.rowKeys, 'Batch Output'!$C:$C), _xlpm.colMatch, _xlfn.XMATCH(_xlpm.colKeys, 'Batch Output'!$1:$1), _xlpm.batchMatchRows, _xlfn._xlws.FILTER(ROW('Batch Output'!$A:$A), ('Batch Output'!$A:$A=_xlpm.keyA)*('Batch Output'!$B:$B=_xlpm.keyB)), _xlpm.firstMatchRow, INDEX(_xlpm.batchMatchRows, 1), INDEX(_xlpm.data, _xlpm.rowMatch + _xlpm.firstMatchRow - 2, _xlpm.colMatch - 2) )} -> 106.8125 | O35: 106.49911 | P35: -0.31334494 | Q35: 2.556713 | R35: 2.598613 | S35: 0.01638809 | T35: -0.002933599 | U35: 0.95416667 | V35: 0 | X35: Intercept | Y35: 107.08 | Z35: 106.85706 | AA35: -0.22034 | AB35: -0.00206 | AC35: 2.203901 | AD35: 2.319591 | AE35: 0.052494 | AF35: 0.957 | AG35: 0 | AI35: Intercept | AJ35: 106.81 | AK35: 106.52436 | AL35: -0.2881 | AM35: -0.0027 | AN35: 2.43305 | AO35: 2.584547 | AP35: 0.062266 | AQ35: 0.966 | AR35: 0
B36: age_strat_new | C36: -4.7686 | D36: -4.831417 | E36: -0.062775425 | F36: 0.893667 | G36: 0.897905 | H36: 0.0047420574 | I36: 0.013164215 | J36: 0.95104167 | K36: 0 | M36: age_strat_new | N36: -4.7993 | O36: -5.032036 | P36: -0.23275432 | Q36: 0.976512 | R36: 1.007242 | S36: 0.031469251 | T36: 0.048497739 | U36: 0.94583333 | V36: 0 | X36: age_strat_new | Y36: -4.77 | Z36: -4.847303 | AA36: -0.07866 | AB36: 0.0165 | AC36: 0.878085 | AD36: 0.891377 | AE36: 0.015137 | AF36: 0.95 | AG36: 0 | AI36: age_strat_new | AJ36: -4.8 | AK36: -4.994971 | AL36: -0.19569 | AM36: 0.04077 | AN36: 0.982187 | AO36: 1.005176 | AP36: 0.023406 | AQ36: 0.945 | AR36: 0 | AU36: V3 sample + MI (with v1, v2, v3, IPW weights) + v3 IPW weights in fitting
B37: x12 | C37: 8.6967 | D37: 8.701378 | E37: 0.00467943 | F37: 0.510886 | G37: 0.523323 | H37: 0.02434576 | I37: 0.0005380697 | J37: 0.95416667 | K37: 0 | M37: x12 | N37: 8.7022 | O37: 8.72618 | P37: 0.023973131 | Q37: 0.573963 | R37: 0.592424 | S37: 0.03216475 | T37: 0.0027548333 | U37: 0.96145833 | V37: 0 | X37: x12 | Y37: 8.7 | Z37: 8.710553 | AA37: 0.01385 | AB37: 0.00159 | AC37: 0.517065 | AD37: 0.522749 | AE37: 0.010992 | AF37: 0.954 | AG37: 0 | AI37: x12 | AJ37: 8.7 | AK37: 8.723981 | AL37: 0.02177 | AM37: 0.0025 | AN37: 0.57583 | AO37: 0.591883 | AP37: 0.027877 | AQ37: 0.962 | AR37: 0
B38: x17 | C38: -1.6103 | D38: -1.651346 | E38: -0.041051239 | F38: 0.624541 | G38: 0.615583 | H38: -0.014343589 | I38: 0.025493 | J38: 0.953125 | K38: 0 | M38: x17 | N38: -1.5806 | O38: -1.707013 | P38: -0.12638673 | Q38: 0.707604 | R38: 0.699788 | S38: -0.011045434 | T38: 0.079959927 | U38: 0.95104167 | V38: 0 | X38: x17 | Y38: -1.61 | Z38: -1.630861 | AA38: -0.02057 | AB38: 0.01277 | AC38: 0.596771 | AD38: 0.610038 | AE38: 0.022231 | AF38: 0.954 | AG38: 0 | AI38: x17 | AJ38: -1.58 | AK38: -1.707604 | AL38: -0.12698 | AM38: 0.08033 | AN38: 0.681352 | AO38: 0.694608 | AP38: 0.019456 | AQ38: 0.956 | AR38: 0
B39: x18 | C39: -7.9152 | D39: -7.94223 | E39: -0.027053937 | F39: 0.634312 | G39: 0.653383 | H39: 0.03006487 | I39: 0.0034179831 | J39: 0.95625 | K39: 0 | M39: x18 | N39: -7.7764 | O39: -7.91062 | P39: -0.13419139 | Q39: 0.716801 | R39: 0.741217 | S39: 0.034062151 | T39: 0.017256171 | U39: 0.95833333 | V39: 0 | X39: x18 | Y39: -7.92 | Z39: -7.942472 | AA39: -0.0273 | AB39: 0.00345 | AC39: 0.637393 | AD39: 0.653969 | AE39: 0.026005 | AF39: 0.955 | AG39: 0 | AI39: x18 | AJ39: -7.78 | AK39: -7.823873 | AL39: -0.04744 | AM39: 0.0061 | AN39: 0.748849 | AO39: 0.743966 | AP39: -0.006521 | AQ39: 0.951 | AR39: 0
B40: x6 | C40: 5.8681 | D40: 5.856976 | E40: -0.01116286 | F40: 0.042011 | G40: 0.044446 | H40: 0.057949365 | I40: -0.001902283 | J40: 0.95729167 | K40: 0 | M40: x6 | N40: 5.8644 | O40: 5.839575 | P40: -0.024836057 | Q40: 0.043497 | R40: 0.045622 | S40: 0.048852525 | T40: -0.004235047 | U40: 0.95416667 | V40: 0 | X40: x6 | Y40: 5.87 | Z40: 5.857993 | AA40: -0.01015 | AB40: -0.00173 | AC40: 0.040548 | AD40: 0.044018 | AE40: 0.085591 | AF40: 0.966 | AG40: 0 | AI40: x6 | AJ40: 5.86 | AK40: 5.84162 | AL40: -0.02279 | AM40: -0.00389 | AN40: 0.041298 | AO40: 0.045127 | AP40: 0.092736 | AQ40: 0.952 | AR40: 0
B41: y_bmi | C41: 0.0284 | D41: 0.039648 | E41: 0.01123168 | F41: 0.032513 | G41: 0.034374 | H41: 0.057248268 | I41: 0.39525171 | J41: 0.95208333 | K41: 0 | M41: y_bmi | N41: 0.0321 | O41: 0.057153 | P41: 0.025044776 | Q41: 0.033795 | R41: 0.035561 | S41: 0.052262745 | T41: 0.78000715 | U41: 0.93020833 | V41: 0 | X41: y_bmi | Y41: 0.03 | Z41: 0.039915 | AA41: 0.0115 | AB41: 0.40463 | AC41: 0.031357 | AD41: 0.033948 | AE41: 0.082627 | AF41: 0.959 | AG41: 0 | AI41: y_bmi | AJ41: 0.03 | AK41: 0.056123 | AL41: 0.02402 | AM41: 0.74794 | AN41: 0.032456 | AO41: 0.03508 | AP41: 0.080853 | AQ41: 0.935 | AR41: 0
A43: [NO MI] [NOMISS V3] | B43: [4][PROC GENMOD][IND CORR][NO MI][RR_glm_agestrat_strat][NOMISS V3][bghhsub_s2_v3_nr] | J43: =INDEX('Method Codes'!$B:$B, MATCH(B43, 'Method Codes'!$I:$I,0)) -> IND | K43: =INDEX('Method Codes'!H:H, MATCH(B43, 'Method Codes'!I:I,0)) -> 4Q | M43: [4][PROC GENMOD][EXCH CORR][NO MI][RR_glm_agestrat_strat][NOMISS V3][bghhsub_s2_v3_nr] | U43: =INDEX('Method Codes'!$B:$B, MATCH(M43, 'Method Codes'!$I:$I,0)) -> EXCH | V43: =INDEX('Method Codes'!$H:$H, MATCH(M43, 'Method Codes'!$I:$I,0)) -> 4Q | X43: [4][PROC GENMOD][IND CORR][NO MI][RR_glm_agestrat_strat][NOMISS V3][bghhsub_s2_v3_nr][SUDAAN TRUE] | AI43: [4][PROC GENMOD][EXCH CORR][NO MI][RR_glm_agestrat_strat][NOMISS V3][bghhsub_s2_v3_nr][SUDAAN TRUE] | AS43: [NO MI] [NOMISS V3]
B44: Effect | C44: True Value | D44: Estimate | E44: Empirical Bias | F44: Relative Bias | G44: Empirical SE | H44: Estimated SE | I44: Relative SE difference | J44: Coverage | K44: P(reject H0) | M44: Effect | N44: True Value | O44: Estimate | P44: Empirical Bias | Q44: Relative Bias | R44: Empirical SE | S44: Estimated SE | T44: Relative SE difference | U44: Coverage | V44: P(reject H0) | X44: Effect | Y44: True Value | Z44: Estimate | AA44: Empirical Bias | AB44: Relative Bias | AC44: Empirical SE | AD44: Estimated SE | AE44: Relative SE difference | AF44: Coverage | AG44: P(reject H0) | AI44: Effect | AJ44: True Value | AK44: Estimate | AL44: Empirical Bias | AM44: Relative Bias | AN44: Empirical SE | AO44: Estimated SE | AP44: Relative SE difference | AQ44: Coverage | AR44: P(reject H0) | AU44: V3 sample + V3 IPW weights in fitting
B45: Intercept | C45: {=_xlfn.LET( _xlpm.keyA, J43, _xlpm.keyB, K43, _xlpm.rowKeys, B45:B51, _xlpm.colKeys, C44:K44, _xlpm.data, 'Batch Output'!$C:$Z, _xlpm.rowMatch, _xlfn.XMATCH(_xlpm.rowKeys, 'Batch Output'!$C:$C), _xlpm.colMatch, _xlfn.XMATCH(_xlpm.colKeys, 'Batch Output'!$1:$1), _xlpm.batchMatchRows, _xlfn._xlws.FILTER(ROW('Batch Output'!$A:$A), ('Batch Output'!$A:$A=_xlpm.keyA)*('Batch Output'!$B:$B=_xlpm.keyB)), _xlpm.firstMatchRow, INDEX(_xlpm.batchMatchRows, 1), INDEX(_xlpm.data, _xlpm.rowMatch + _xlpm.firstMatchRow - 2, _xlpm.colMatch - 2) )} -> 107.0774 | D45: 107.16899 | E45: 0.09158484 | F45: 2.015221 | G45: 2.018147 | H45: 0.0014515135 | I45: 0.0008553143 | J45: 0.95 | K45: 1 | M45: Intercept | N45: {=_xlfn.LET( _xlpm.keyA, U43, _xlpm.keyB, V43, _xlpm.rowKeys, M45:M51, _xlpm.colKeys, N44:V44, _xlpm.data, 'Batch Output'!$C:$Z, _xlpm.rowMatch, _xlfn.XMATCH(_xlpm.rowKeys, 'Batch Output'!$C:$C), _xlpm.colMatch, _xlfn.XMATCH(_xlpm.colKeys, 'Batch Output'!$1:$1), _xlpm.batchMatchRows, _xlfn._xlws.FILTER(ROW('Batch Output'!$A:$A), ('Batch Output'!$A:$A=_xlpm.keyA)*('Batch Output'!$B:$B=_xlpm.keyB)), _xlpm.firstMatchRow, INDEX(_xlpm.batchMatchRows, 1), INDEX(_xlpm.data, _xlpm.rowMatch + _xlpm.firstMatchRow - 2, _xlpm.colMatch - 2) )} -> 106.8125 | O45: 106.6146 | P45: -0.19785281 | Q45: 2.258026 | R45: 2.245019 | S45: -0.005760428 | T45: -0.001852338 | U45: 0.95833333 | V45: 1 | X45: Intercept | Y45: 107.08 | Z45: 107.1368 | AA45: 0.059371 | AB45: 0.000554 | AC45: 1.9775 | AD45: 2.018 | AE45: 0.020474 | AF45: 0.953 | AG45: 1 | AI45: Intercept | AJ45: 106.81 | AK45: 106.6744 | AL45: -0.1381 | AM45: -0.00129 | AN45: 2.1813 | AO45: 2.2433 | AP45: 0.028422 | AQ45: 0.958 | AR45: 1
B46: age_strat_new | C46: -4.7686 | D46: -4.832456 | E46: -0.063814488 | F46: 0.795415 | G46: 0.777744 | H46: -0.022216565 | I46: 0.01338211 | J46: 0.93958333 | K46: 1 | M46: age_strat_new | N46: -4.7993 | O46: -5.039242 | P46: -0.2399606 | Q46: 0.870024 | R46: 0.868421 | S46: -0.001842261 | T46: 0.049999271 | U46: 0.93958333 | V46: 0.99895833 | X46: age_strat_new | Y46: -4.77 | Z46: -4.8291 | AA46: -0.06041 | AB46: 0.012668 | AC46: 0.778 | AD46: 0.7775 | AE46: -0.000751 | AF46: 0.95 | AG46: 1 | AI46: age_strat_new | AJ46: -4.8 | AK46: -4.9938 | AL46: -0.19448 | AM46: 0.04052 | AN46: 0.8655 | AO46: 0.8706 | AP46: 0.005992 | AQ46: 0.952 | AR46: 1
B47: x12 | C47: 8.6967 | D47: 8.660827 | E47: -0.035871198 | F47: 0.460655 | G47: 0.468141 | H47: 0.016251515 | I47: -0.004124691 | J47: 0.95833333 | K47: 1 | M47: x12 | N47: 8.7022 | O47: 8.667814 | P47: -0.034393524 | Q47: 0.512437 | R47: 0.528353 | S47: 0.0310592 | T47: -0.003952276 | U47: 0.95208333 | V47: 1 | X47: x12 | Y47: 8.7 | Z47: 8.664 | AA47: -0.032735 | AB47: -0.003764 | AC47: 0.4646 | AD47: 0.4682 | AE47: 0.00778 | AF47: 0.952 | AG47: 1 | AI47: x12 | AJ47: 8.7 | AK47: 8.663 | AL47: -0.03919 | AM47: -0.0045 | AN47: 0.5171 | AO47: 0.5287 | AP47: 0.022496 | AQ47: 0.955 | AR47: 1
B48: x17 | C48: -1.6103 | D48: -1.606946 | E48: 0.0033483342 | F48: 0.501781 | G48: 0.500123 | H48: -0.003305029 | I48: -0.00207933 | J48: 0.94791667 | K48: 0.89895833 | M48: x17 | N48: -1.5806 | O48: -1.663744 | P48: -0.083117832 | Q48: 0.567951 | R48: 0.569253 | S48: 0.0022925816 | T48: 0.052585391 | U48: 0.946875 | V48: 0.83125 | X48: x17 | Y48: -1.61 | Z48: -1.6029 | AA48: 0.007376 | AB48: -0.004581 | AC48: 0.4879 | AD48: 0.4994 | AE48: 0.023392 | AF48: 0.957 | AG48: 0.898 | AI48: x17 | AJ48: -1.58 | AK48: -1.6794 | AL48: -0.09882 | AM48: 0.06252 | AN48: 0.5503 | AO48: 0.569 | AP48: 0.033948 | AQ48: 0.966 | AR48: 0.843
B49: x18 | C49: -7.9152 | D49: -7.885715 | E49: 0.029461027 | F49: 0.574699 | G49: 0.587321 | H49: 0.021961858 | I49: -0.003722094 | J49: 0.959375 | K49: 1 | M49: x18 | N49: -7.7764 | O49: -7.851363 | P49: -0.074933829 | Q49: 0.64425 | R49: 0.66309 | S49: 0.029242081 | T49: 0.0096360204 | U49: 0.96041667 | V49: 1 | X49: x18 | Y49: -7.92 | Z49: -7.8759 | AA49: 0.03925 | AB49: -0.004959 | AC49: 0.5759 | AD49: 0.5879 | AE49: 0.020842 | AF49: 0.955 | AG49: 1 | AI49: x18 | AJ49: -7.78 | AK49: -7.7867 | AL49: -0.01025 | AM49: 0.00132 | AN49: 0.6627 | AO49: 0.665 | AP49: 0.00338 | AQ49: 0.952 | AR49: 1
B50: x6 | C50: 5.8681 | D50: 5.868143 | E50: 3.7586691e-06 | F50: 0.033464 | G50: 0.034611 | H50: 0.034256279 | I50: 6.4052149e-07 | J50: 0.95520833 | K50: 1 | M50: x6 | N50: 5.8644 | O50: 5.845574 | P50: -0.018836357 | Q50: 0.031784 | R50: 0.032853 | S50: 0.033649801 | T50: -0.003211978 | U50: 0.91666667 | V50: 1 | X50: x6 | Y50: 5.87 | Z50: 5.8686 | AA50: 0.000419 | AB50: 7.1e-05 | AC50: 0.0324 | AD50: 0.0345 | AE50: 0.065166 | AF50: 0.963 | AG50: 1 | AI50: x6 | AJ50: 5.86 | AK50: 5.8468 | AL50: -0.01762 | AM50: -0.00301 | AN50: 0.0303 | AO50: 0.0327 | AP50: 0.080745 | AQ50: 0.94 | AR50: 1
B51: y_bmi | C51: 0.0284 | D51: 0.030495 | E51: 0.0020782169 | F51: 0.0236 | G51: 0.023052 | H51: -0.023207933 | I51: 0.073134098 | J51: 0.94791667 | K51: 0.2875 | M51: y_bmi | N51: 0.0321 | O51: 0.052118 | P51: 0.020010038 | Q51: 0.020391 | R51: 0.020079 | S51: -0.015321477 | T51: 0.62320273 | U51: 0.825 | V51: 0.72916667 | X51: y_bmi | Y51: 0.03 | Z51: 0.0311 | AA51: 0.002707 | AB51: 0.095275 | AC51: 0.0227 | AD51: 0.023 | AE51: 0.015121 | AF51: 0.947 | AG51: 0.271 | AI51: y_bmi | AJ51: 0.03 | AK51: 0.0518 | AL51: 0.01969 | AM51: 0.61328 | AN51: 0.0196 | AO51: 0.0201 | AP51: 0.02489 | AQ51: 0.836 | AR51: 0.735
A53: [MI] [NOMISS] | B53: [5][PROC GENMOD][IND CORR][MI][RR_glm_agestrat_strat][bghhsub_s2_nr] | J53: =INDEX('Method Codes'!$B:$B, MATCH(B53, 'Method Codes'!$I:$I,0)) -> IND | K53: =INDEX('Method Codes'!H:H, MATCH(B53, 'Method Codes'!I:I,0)) -> 5I | M53: [5][PROC GENMOD][EXCH CORR][MI][RR_glm_agestrat_strat][bghhsub_s2_nr] | U53: =INDEX('Method Codes'!$B:$B, MATCH(M53, 'Method Codes'!$I:$I,0)) -> EXCH | V53: =INDEX('Method Codes'!$H:$H, MATCH(M53, 'Method Codes'!$I:$I,0)) -> 5I | X53: [5][PROC GENMOD][IND CORR][MI][RR_glm_agestrat_strat][bghhsub_s2_nr][SUDAAN TRUE] | AI53: [5][PROC GENMOD][EXCH CORR][MI][RR_glm_agestrat_strat][bghhsub_s2_nr][SUDAAN TRUE] | AS53: [MI] [IPW]
B54: Effect | C54: True Value | D54: Estimate | E54: Empirical Bias | F54: Relative Bias | G54: Empirical SE | H54: Estimated SE | I54: Relative SE difference | J54: Coverage | K54: P(reject H0) | M54: Effect | N54: True Value | O54: Estimate | P54: Empirical Bias | Q54: Relative Bias | R54: Empirical SE | S54: Estimated SE | T54: Relative SE difference | U54: Coverage | V54: P(reject H0) | X54: Effect | Y54: True Value | Z54: Estimate | AA54: Empirical Bias | AB54: Relative Bias | AC54: Empirical SE | AD54: Estimated SE | AE54: Relative SE difference | AF54: Coverage | AG54: P(reject H0) | AI54: Effect | AJ54: True Value | AK54: Estimate | AL54: Empirical Bias | AM54: Relative Bias | AN54: Empirical SE | AO54: Estimated SE | AP54: Relative SE difference | AQ54: Coverage | AR54: P(reject H0)
B55: Intercept | C55: {=_xlfn.LET( _xlpm.keyA, J53, _xlpm.keyB, K53, _xlpm.rowKeys, B55:B61, _xlpm.colKeys, C54:K54, _xlpm.data, 'Batch Output'!$C:$Z, _xlpm.rowMatch, _xlfn.XMATCH(_xlpm.rowKeys, 'Batch Output'!$C:$C), _xlpm.colMatch, _xlfn.XMATCH(_xlpm.colKeys, 'Batch Output'!$1:$1), _xlpm.batchMatchRows, _xlfn._xlws.FILTER(ROW('Batch Output'!$A:$A), ('Batch Output'!$A:$A=_xlpm.keyA)*('Batch Output'!$B:$B=_xlpm.keyB)), _xlpm.firstMatchRow, INDEX(_xlpm.batchMatchRows, 1), INDEX(_xlpm.data, _xlpm.rowMatch + _xlpm.firstMatchRow - 2, _xlpm.colMatch - 2) )} -> 107.0774 | D55: 104.01521 | E55: -3.0621942 | F55: 1.381857 | G55: 1.457525 | H55: 0.054758037 | I55: -0.028597949 | J55: 0.46462513 | K55: 0 | M55: Intercept | N55: {=_xlfn.LET( _xlpm.keyA, U53, _xlpm.keyB, V53, _xlpm.rowKeys, M55:M61, _xlpm.colKeys, N54:V54, _xlpm.data, 'Batch Output'!$C:$Z, _xlpm.rowMatch, _xlfn.XMATCH(_xlpm.rowKeys, 'Batch Output'!$C:$C), _xlpm.colMatch, _xlfn.XMATCH(_xlpm.colKeys, 'Batch Output'!$1:$1), _xlpm.batchMatchRows, _xlfn._xlws.FILTER(ROW('Batch Output'!$A:$A), ('Batch Output'!$A:$A=_xlpm.keyA)*('Batch Output'!$B:$B=_xlpm.keyB)), _xlpm.firstMatchRow, INDEX(_xlpm.batchMatchRows, 1), INDEX(_xlpm.data, _xlpm.rowMatch + _xlpm.firstMatchRow - 2, _xlpm.colMatch - 2) )} -> 106.8125 | O55: 101.4333 | P55: -5.3791597 | Q55: 1.550646 | R55: 1.685708 | S55: 0.087100532 | T55: -0.050360791 | U55: 0.090419806 | V55: 0 | X55: Intercept | Y55: 107.08 | Z55: 104.00879 | AA55: -3.06862 | AB55: -0.02866 | AC55: 1.373611 | AD55: 1.461338 | AE55: 0.06387 | AF55: 0.455 | AG55: 0 | AI55: Intercept | AJ55: 106.81 | AK55: 101.41365 | AL55: -5.3988 | AM55: -0.05054 | AN55: 1.497063 | AO55: 1.688568 | AP55: 0.12792 | AQ55: 0.08 | AR55: 0
B56: age_strat_new | C56: -4.7686 | D56: -4.806414 | E56: -0.037771898 | F56: 0.527202 | G56: 0.555367 | H56: 0.053422965 | I56: 0.0079208924 | J56: 0.95564942 | K56: 0 | M56: age_strat_new | N56: -4.7993 | O56: -5.007297 | P56: -0.20801555 | Q56: 0.567723 | R56: 0.625939 | S56: 0.1025433 | T56: 0.043343057 | U56: 0.96124865 | V56: 0 | X56: age_strat_new | Y56: -4.77 | Z56: -4.823564 | AA56: -0.05492 | AB56: 0.01152 | AC56: 0.521734 | AD56: 0.556691 | AE56: 0.067 | AF56: 0.967 | AG56: 0 | AI56: age_strat_new | AJ56: -4.8 | AK56: -5.031321 | AL56: -0.23204 | AM56: 0.04835 | AN56: 0.580645 | AO56: 0.628481 | AP56: 0.08238 | AQ56: 0.955 | AR56: 0
B57: x12 | C57: 8.6967 | D57: 10.660231 | E57: 1.9635319 | F57: 0.329289 | G57: 0.326392 | H57: -0.008797006 | I57: 0.225779 | J57: 0 | K57: 0 | M57: x12 | N57: 8.7022 | O57: 11.691841 | P57: 2.9896337 | Q57: 0.380449 | R57: 0.364981 | S57: -0.040658488 | T57: 0.34354889 | U57: 0 | V57: 0 | X57: x12 | Y57: 8.7 | Z57: 10.655161 | AA57: 1.95846 | AB57: 0.2252 | AC57: 0.331676 | AD57: 0.326441 | AE57: -0.01578 | AF57: 0 | AG57: 0 | AI57: x12 | AJ57: 8.7 | AK57: 11.689633 | AL57: 2.98743 | AM57: 0.3433 | AN57: 0.385947 | AO57: 0.364672 | AP57: -0.05512 | AQ57: 0 | AR57: 0
B58: x17 | C58: -1.6103 | D58: -1.025815 | E58: 0.5844796 | F58: 0.340934 | G58: 0.35371 | H58: 0.037474719 | I58: -0.3629644 | J58: 0.63252376 | K58: 0 | M58: x17 | N58: -1.5806 | O58: -0.667724 | P58: 0.91290196 | Q58: 0.388215 | R58: 0.417895 | S58: 0.076450478 | T58: -0.57755725 | U58: 0.42518837 | V58: 0 | X58: x17 | Y58: -1.61 | Z58: -1.024181 | AA58: 0.58611 | AB58: -0.36398 | AC58: 0.332424 | AD58: 0.353811 | AE58: 0.06434 | AF58: 0.626 | AG58: 0 | AI58: x17 | AJ58: -1.58 | AK58: -0.658082 | AL58: 0.92254 | AM58: -0.58366 | AN58: 0.373056 | AO58: 0.418528 | AP58: 0.12189 | AQ58: 0.397 | AR58: 0
B59: x18 | C59: -7.9152 | D59: -9.613767 | E59: -1.6985914 | F59: 0.382981 | G59: 0.397547 | H59: 0.038033581 | I59: 0.21459933 | J59: 0.0095036959 | K59: 0 | M59: x18 | N59: -7.7764 | O59: -10.396659 | P59: -2.6202303 | Q59: 0.435634 | R59: 0.443127 | S59: 0.017202005 | T59: 0.33694518 | U59: 0 | V59: 0 | X59: x18 | Y59: -7.92 | Z59: -9.626802 | AA59: -1.71163 | AB59: 0.21625 | AC59: 0.38893 | AD59: 0.398038 | AE59: 0.02342 | AF59: 0.008 | AG59: 0 | AI59: x18 | AJ59: -7.78 | AK59: -10.39542 | AL59: -2.61899 | AM59: 0.33679 | AN59: 0.451776 | AO59: 0.444819 | AP59: -0.0154 | AQ59: 0 | AR59: 0
B60: x6 | C60: 5.8681 | D60: 5.792103 | E60: -0.076036431 | F60: 0.027311 | G60: 0.027472 | H60: 0.0058965685 | I60: -0.012957503 | J60: 0.22914467 | K60: 0 | M60: x6 | N60: 5.8644 | O60: 5.816507 | P60: -0.047904146 | Q60: 0.023619 | R60: 0.024813 | S60: 0.050518045 | T60: -0.00816862 | U60: 0.51883746 | V60: 0 | X60: x6 | Y60: 5.87 | Z60: 5.792581 | AA60: -0.07556 | AB60: -0.01288 | AC60: 0.026415 | AD60: 0.027499 | AE60: 0.04102 | AF60: 0.236 | AG60: 0 | AI60: x6 | AJ60: 5.86 | AK60: 5.815492 | AL60: -0.04892 | AM60: -0.00834 | AN60: 0.023378 | AO60: 0.024734 | AP60: 0.05798 | AQ60: 0.497 | AR60: 0
B61: y_bmi | C61: 0.0284 | D61: 0.024422 | E61: -0.003994043 | F61: 0.017306 | G61: 0.018605 | H61: 0.075074264 | I61: -0.14055354 | J61: 0.96092925 | K61: 0 | M61: y_bmi | N61: 0.0321 | O61: 0.031513 | P61: -0.000595205 | Q61: 0.014818 | R61: 0.016981 | S61: 0.14591542 | T61: -0.018537366 | U61: 0.98600646 | V61: 0 | X61: y_bmi | Y61: 0.03 | Z61: 0.02521 | AA61: -0.00321 | AB61: -0.11285 | AC61: 0.016829 | AD61: 0.018624 | AE61: 0.10664 | AF61: 0.969 | AG61: 0 | AI61: y_bmi | AJ61: 0.03 | AK61: 0.032293 | AL61: 0.00019 | AM61: 0.00576 | AN61: 0.014694 | AO61: 0.016961 | AP61: 0.15429 | AQ61: 0.975 | AR61: 0
A63: [NO MI] [NOMISS] | B63: [6][PROC GENMOD][IND CORR][NO MI][RR_glm_agestrat_strat][bghhsub_s2_nr] | J63: =INDEX('Method Codes'!$B:$B, MATCH(B63, 'Method Codes'!$I:$I,0)) -> IND | K63: =INDEX('Method Codes'!H:H, MATCH(B63, 'Method Codes'!I:I,0)) -> 6Q | M63: [6][PROC GENMOD][EXCH CORR][NO MI][RR_glm_agestrat_strat][bghhsub_s2_nr] | U63: =INDEX('Method Codes'!$B:$B, MATCH(M63, 'Method Codes'!$I:$I,0)) -> EXCH | V63: =INDEX('Method Codes'!$H:$H, MATCH(M63, 'Method Codes'!$I:$I,0)) -> 6Q | X63: [6][PROC GENMOD][IND CORR][NO MI][RR_glm_agestrat_strat][bghhsub_s2_nr][SUDAAN TRUE] | AI63: [6][PROC GENMOD][EXCH CORR][NO MI][RR_glm_agestrat_strat][bghhsub_s2_nr][SUDAAN TRUE] | AS63: [NO MI] [IPW]
B64: Effect | C64: True Value | D64: Estimate | E64: Empirical Bias | F64: Relative Bias | G64: Empirical SE | H64: Estimated SE | I64: Relative SE difference | J64: Coverage | K64: P(reject H0) | M64: Effect | N64: True Value | O64: Estimate | P64: Empirical Bias | Q64: Relative Bias | R64: Empirical SE | S64: Estimated SE | T64: Relative SE difference | U64: Coverage | V64: P(reject H0) | X64: Effect | Y64: True Value | Z64: Estimate | AA64: Empirical Bias | AB64: Relative Bias | AC64: Empirical SE | AD64: Estimated SE | AE64: Relative SE difference | AF64: Coverage | AG64: P(reject H0) | AI64: Effect | AJ64: True Value | AK64: Estimate | AL64: Empirical Bias | AM64: Relative Bias | AN64: Empirical SE | AO64: Estimated SE | AP64: Relative SE difference | AQ64: Coverage | AR64: P(reject H0)
B65: Intercept | C65: {=_xlfn.LET( _xlpm.keyA, J63, _xlpm.keyB, K63, _xlpm.rowKeys, B65:B71, _xlpm.colKeys, C64:K64, _xlpm.data, 'Batch Output'!$C:$Z, _xlpm.rowMatch, _xlfn.XMATCH(_xlpm.rowKeys, 'Batch Output'!$C:$C), _xlpm.colMatch, _xlfn.XMATCH(_xlpm.colKeys, 'Batch Output'!$1:$1), _xlpm.batchMatchRows, _xlfn._xlws.FILTER(ROW('Batch Output'!$A:$A), ('Batch Output'!$A:$A=_xlpm.keyA)*('Batch Output'!$B:$B=_xlpm.keyB)), _xlpm.firstMatchRow, INDEX(_xlpm.batchMatchRows, 1), INDEX(_xlpm.data, _xlpm.rowMatch + _xlpm.firstMatchRow - 2, _xlpm.colMatch - 2) )} -> 107.0774 | D65: 107.10291 | E65: 0.025501835 | F65: 1.58305 | G65: 1.594333 | H65: 0.0071275775 | I65: 0.0002381626 | J65: 0.94890511 | K65: 1 | M65: Intercept | N65: {=_xlfn.LET( _xlpm.keyA, U63, _xlpm.keyB, V63, _xlpm.rowKeys, M65:M71, _xlpm.colKeys, N64:V64, _xlpm.data, 'Batch Output'!$C:$Z, _xlpm.rowMatch, _xlfn.XMATCH(_xlpm.rowKeys, 'Batch Output'!$C:$C), _xlpm.colMatch, _xlfn.XMATCH(_xlpm.colKeys, 'Batch Output'!$1:$1), _xlpm.batchMatchRows, _xlfn._xlws.FILTER(ROW('Batch Output'!$A:$A), ('Batch Output'!$A:$A=_xlpm.keyA)*('Batch Output'!$B:$B=_xlpm.keyB)), _xlpm.firstMatchRow, INDEX(_xlpm.batchMatchRows, 1), INDEX(_xlpm.data, _xlpm.rowMatch + _xlpm.firstMatchRow - 2, _xlpm.colMatch - 2) )} -> 106.8125 | O65: 105.56713 | P65: -1.2453258 | Q65: 1.792668 | R65: 1.791141 | S65: -0.000851636 | T65: -0.011658994 | U65: 0.89270386 | V65: 1 | X65: Intercept | Y65: 107.08 | Z65: 107.0641 | AA65: -0.013343 | AB65: -0.000125 | AC65: 1.5534 | AD65: 1.5953 | AE65: 0.026984 | AF65: 0.957 | AG65: 1 | AI65: Intercept | AJ65: 106.81 | AK65: 105.6081 | AL65: -1.20433 | AM65: -0.01128 | AN65: 1.7068 | AO65: 1.793 | AP65: 0.050487 | AQ65: 0.899 | AR65: 1
B66: age_strat_new | C66: -4.7686 | D66: -4.768971 | E66: -0.000329683 | F66: 0.602895 | G66: 0.593682 | H66: -0.015280816 | I66: 6.91357e-05 | J66: 0.94264859 | K66: 1 | M66: age_strat_new | N66: -4.7993 | O66: -4.926482 | P66: -0.12720056 | Q66: 0.636797 | R66: 0.651605 | S66: 0.023253311 | T66: 0.026504083 | U66: 0.9527897 | V66: 1 | X66: age_strat_new | Y66: -4.77 | Z66: -4.7752 | AA66: -0.006564 | AB66: 0.001376 | AC66: 0.5851 | AD66: 0.5943 | AE66: 0.01574 | AF66: 0.953 | AG66: 1 | AI66: age_strat_new | AJ66: -4.8 | AK66: -4.9155 | AL66: -0.1162 | AM66: 0.02421 | AN66: 0.6417 | AO66: 0.6527 | AP66: 0.017156 | AQ66: 0.949 | AR66: 1
B67: x12 | C67: 8.6967 | D67: 8.70948 | E67: 0.012781733 | F67: 0.345337 | G67: 0.35627 | H67: 0.031658183 | I67: 0.0014697224 | J67: 0.95516163 | K67: 1 | M67: x12 | N67: 8.7022 | O67: 9.195742 | P67: 0.49353451 | Q67: 0.363566 | R67: 0.383419 | S67: 0.054604333 | T67: 0.056713715 | U67: 0.75965665 | V67: 1 | X67: x12 | Y67: 8.7 | Z67: 8.7022 | AA67: 0.005532 | AB67: 0.000636 | AC67: 0.359 | AD67: 0.3563 | AE67: -0.007557 | AF67: 0.95 | AG67: 1 | AI67: x12 | AJ67: 8.7 | AK67: 9.1851 | AL67: 0.48291 | AM67: 0.05549 | AN67: 0.3863 | AO67: 0.3835 | AP67: -0.007293 | AQ67: 0.751 | AR67: 1
B68: x17 | C68: -1.6103 | D68: -1.610146 | E68: 0.0001486555 | F68: 0.383485 | G68: 0.381294 | H68: -0.005712468 | I68: -9.2316e-05 | J68: 0.95099062 | K68: 0.98748697 | M68: x17 | N68: -1.5806 | O68: -1.439311 | P68: 0.14131509 | Q68: 0.437372 | R68: 0.438267 | S68: 0.0020480159 | T68: -0.089404511 | U68: 0.95064378 | V68: 0.91094421 | X68: x17 | Y68: -1.61 | Z68: -1.6018 | AA68: 0.008494 | AB68: -0.005275 | AC68: 0.3667 | AD68: 0.3813 | AE68: 0.039693 | AF68: 0.959 | AG68: 0.992 | AI68: x17 | AJ68: -1.58 | AK68: -1.4457 | AL68: 0.13492 | AM68: -0.08536 | AN68: 0.4139 | AO68: 0.4385 | AP68: 0.059449 | AQ68: 0.956 | AR68: 0.911
B69: x18 | C69: -7.9152 | D69: -7.933031 | E69: -0.017855049 | F69: 0.427008 | G69: 0.444367 | H69: 0.040652944 | I69: 0.0022557994 | J69: 0.9645464 | K69: 1 | M69: x18 | N69: -7.7764 | O69: -8.290592 | P69: -0.51416254 | Q69: 0.458898 | R69: 0.477101 | S69: 0.039666874 | T69: 0.066118078 | U69: 0.81545064 | V69: 1 | X69: x18 | Y69: -7.92 | Z69: -7.9303 | AA69: -0.015127 | AB69: 0.001911 | AC69: 0.4325 | AD69: 0.4443 | AE69: 0.027303 | AF69: 0.951 | AG69: 1 | AI69: x18 | AJ69: -7.78 | AK69: -8.2729 | AL69: -0.49648 | AM69: 0.06384 | AN69: 0.4752 | AO69: 0.477 | AP69: 0.003836 | AQ69: 0.824 | AR69: 1
B70: x6 | C70: 5.8681 | D70: 5.869486 | E70: 0.0013472813 | F70: 0.032755 | G70: 0.033763 | H70: 0.030800079 | I70: 0.0002295926 | J70: 0.95516163 | K70: 1 | M70: x6 | N70: 5.8644 | O70: 5.866962 | P70: 0.002551228 | Q70: 0.029504 | R70: 0.030278 | S70: 0.026214439 | T70: 0.0004350357 | U70: 0.94635193 | V70: 1 | X70: x6 | Y70: 5.87 | Z70: 5.8721 | AA70: 0.003958 | AB70: 0.000674 | AC70: 0.0311 | AD70: 0.0337 | AE70: 0.086489 | AF70: 0.966 | AG70: 1 | AI70: x6 | AJ70: 5.86 | AK70: 5.8679 | AL70: 0.00349 | AM70: 0.0006 | AN70: 0.0279 | AO70: 0.0303 | AP70: 0.083748 | AQ70: 0.969 | AR70: 1
B71: y_bmi | C71: 0.0284 | D71: 0.027679 | E71: -0.000737462 | F71: 0.019944 | G71: 0.019579 | H71: -0.018296154 | I71: -0.025951883 | J71: 0.94994786 | K71: 0.29927007 | M71: y_bmi | N71: 0.0321 | O71: 0.037365 | P71: 0.0052570985 | Q71: 0.018098 | R71: 0.018071 | S71: -0.001502881 | T71: 0.16372973 | U71: 0.93991416 | V71: 0.53969957 | X71: y_bmi | Y71: 0.03 | Z71: 0.028 | AA71: -0.00042 | AB71: -0.014763 | AC71: 0.0196 | AD71: 0.0196 | AE71: -0.000491 | AF71: 0.952 | AG71: 0.285 | AI71: y_bmi | AJ71: 0.03 | AK71: 0.0375 | AL71: 0.00539 | AM71: 0.16795 | AN71: 0.0179 | AO71: 0.0181 | AP71: 0.010422 | AQ71: 0.936 | AR71: 0.536

Sheet Coverages (RR_NRadj)
B1: SAMPLEMISS_1 - SAMPLEMISS_1000 | X1: SUDAAN-Based True Values (SAMPLEMISS_1 - SAMPLEMISS_1000)
B2: [IND CORR][GEE True] | M2: [EXCH CORR][SUDAAN TRUE] | X2: [IND CORR] | AI2: [EXCH CORR]
A3: [MI] | B3: [1][PROC GENMOD][IND CORR][MI][RR_NRadj][bghhsub_s2] | J3: =INDEX('Method Codes'!$B:$B, MATCH(B3, 'Method Codes'!$I:$I,0)) -> IND | K3: =INDEX('Method Codes'!$H:$H, MATCH(B3, 'Method Codes'!$I:$I,0)) -> 1B | M3: [1][PROC GENMOD][EXCH CORR][MI][RR_NRadj][bghhsub_s2] | U3: =INDEX('Method Codes'!$B:$B, MATCH(M3, 'Method Codes'!$I:$I,0)) -> EXCH | V3: =INDEX('Method Codes'!$H:$H, MATCH(M3, 'Method Codes'!$I:$I,0)) -> 1B | X3: [1][PROC GENMOD][IND CORR][MI][RR_NRadj][bghhsub_s2][SUDAAN TRUE] | AI3: [1][PROC GENMOD][EXCH CORR][MI][RR_NRadj][bghhsub_s2][SUDAAN TRUE] | AS3: [MI] | AU3: 1
B4: Effect | C4: True Value | D4: Estimate | E4: Empirical Bias | F4: Relative Bias | G4: Empirical SE | H4: Estimated SE | I4: Relative SE difference | J4: Coverage | K4: P(reject H0) | M4: Effect | N4: True Value | O4: Estimate | P4: Empirical Bias | Q4: Relative Bias | R4: Empirical SE | S4: Estimated SE | T4: Relative SE difference | U4: Coverage | V4: P(reject H0) | X4: Effect | Y4: True Value | Z4: Estimate | AA4: Empirical Bias | AB4: Relative Bias | AC4: Empirical SE | AD4: Estimated SE | AE4: Relative SE difference | AF4: Coverage | AG4: P(reject H0) | AI4: Effect | AJ4: True Value | AK4: Estimate | AL4: Empirical Bias | AM4: Relative Bias | AN4: Empirical SE | AO4: Estimated SE | AP4: Relative SE difference | AQ4: Coverage | AR4: P(reject H0) | AU4: IPW weights in MI step
B5: Intercept | C5: {=_xlfn.LET( _xlpm.keyA, J3, _xlpm.keyB, K3, _xlpm.rowKeys, B5:B11, _xlpm.colKeys, C4:K4, _xlpm.data, 'Batch Output'!$C:$Z, _xlpm.rowMatch, _xlfn.XMATCH(_xlpm.rowKeys, 'Batch Output'!$C:$C), _xlpm.colMatch, _xlfn.XMATCH(_xlpm.colKeys, 'Batch Output'!$1:$1), _xlpm.batchMatchRows, _xlfn._xlws.FILTER(ROW('Batch Output'!$A:$A), ('Batch Output'!$A:$A=_xlpm.keyA)*('Batch Output'!$B:$B=_xlpm.keyB)), _xlpm.firstMatchRow, INDEX(_xlpm.batchMatchRows, 1), INDEX(_xlpm.data, _xlpm.rowMatch + _xlpm.firstMatchRow - 2, _xlpm.colMatch - 2) )} -> 107.0774 | D5: 107.01071 | E5: -0.066699349 | F5: 1.362779 | G5: 1.361862 | H5: -0.000673027 | I5: -0.000622908 | J5: 0.949 | K5: 0 | M5: Intercept | N5: {=_xlfn.LET( _xlpm.keyA, U3, _xlpm.keyB, V3, _xlpm.rowKeys, M5:M11, _xlpm.colKeys, N4:V4, _xlpm.data, 'Batch Output'!$C:$Z, _xlpm.rowMatch, _xlfn.XMATCH(_xlpm.rowKeys, 'Batch Output'!$C:$C), _xlpm.colMatch, _xlfn.XMATCH(_xlpm.colKeys, 'Batch Output'!$1:$1), _xlpm.batchMatchRows, _xlfn._xlws.FILTER(ROW('Batch Output'!$A:$A), ('Batch Output'!$A:$A=_xlpm.keyA)*('Batch Output'!$B:$B=_xlpm.keyB)), _xlpm.firstMatchRow, INDEX(_xlpm.batchMatchRows, 1), INDEX(_xlpm.data, _xlpm.rowMatch + _xlpm.firstMatchRow - 2, _xlpm.colMatch - 2) )} -> 106.8125 | O5: 107.15691 | P5: 0.3444517 | Q5: 1.393354 | R5: 1.397678 | S5: 0.003103648 | T5: 0.003224827 | U5: 0.942 | V5: 0 | X5: Intercept | Y5: 107.08 | Z5: 107.05043 | AA5: -0.026975 | AB5: -0.000252 | AC5: 1.353931 | AD5: 1.35972 | AE5: 0.004275 | AF5: 0.953 | AG5: 0 | AI5: Intercept | AJ5: 106.81 | AK5: 107.1601 | AL5: 0.34765 | AM5: 0.00325 | AN5: 1.379087 | AO5: 1.395704 | AP5: 0.01205 | AQ5: 0.945 | AR5: 0 | AU5: V1 weights in fitting step
B6: age_strat_new | C6: -4.7686 | D6: -4.73044 | E6: 0.038201855 | F6: 0.517605 | G6: 0.523527 | H6: 0.011440879 | I6: -0.008011056 | J6: 0.95 | K6: 0 | M6: age_strat_new | N6: -4.7993 | O6: -4.701927 | P6: 0.097355071 | Q6: 0.542194 | R6: 0.564309 | S6: 0.040786965 | T6: -0.020285341 | U6: 0.955 | V6: 0 | X6: age_strat_new | Y6: -4.77 | Z6: -4.699568 | AA6: 0.069074 | AB6: -0.014485 | AC6: 0.535106 | AD6: 0.523129 | AE6: -0.022382 | AF6: 0.942 | AG6: 0 | AI6: age_strat_new | AJ6: -4.8 | AK6: -4.676821 | AL6: 0.12246 | AM6: -0.02552 | AN6: 0.574952 | AO6: 0.5649 | AP6: -0.01748 | AQ6: 0.939 | AR6: 0
B7: x12 | C7: 8.6967 | D7: 8.700265 | E7: 0.0035659607 | F7: 0.306402 | G7: 0.306042 | H7: -0.001175447 | I7: 0.0004100361 | J7: 0.95 | K7: 0 | M7: x12 | N7: 8.7022 | O7: 8.698968 | P7: -0.003239316 | Q7: 0.341904 | R7: 0.343353 | S7: 0.0042391175 | T7: -0.000372241 | U7: 0.948 | V7: 0 | X7: x12 | Y7: 8.7 | Z7: 8.689559 | AA7: -0.00714 | AB7: -0.000821 | AC7: 0.303171 | AD7: 0.305365 | AE7: 0.007237 | AF7: 0.953 | AG7: 0 | AI7: x12 | AJ7: 8.7 | AK7: 8.713919 | AL7: 0.01171 | AM7: 0.00135 | AN7: 0.332802 | AO7: 0.342695 | AP7: 0.02973 | AQ7: 0.964 | AR7: 0 | AU7: IPW weights = base weights / RR
B8: x17 | C8: -1.6103 | D8: -1.602649 | E8: 0.0076459163 | F8: 0.337037 | G8: 0.329703 | H8: -0.021762133 | I8: -0.004748148 | J8: 0.942 | K8: 0 | M8: x17 | N8: -1.5806 | O8: -1.730137 | P8: -0.14951122 | Q8: 0.349368 | R8: 0.348593 | S8: -0.002217163 | T8: 0.094589882 | U8: 0.926 | V8: 0 | X8: x17 | Y8: -1.61 | Z8: -1.621912 | AA8: -0.011617 | AB8: 0.007214 | AC8: 0.327936 | AD8: 0.329409 | AE8: 0.004491 | AF8: 0.945 | AG8: 0 | AI8: x17 | AJ8: -1.58 | AK8: -1.742923 | AL8: -0.1623 | AM8: 0.10268 | AN8: 0.347372 | AO8: 0.348335 | AP8: 0.00277 | AQ8: 0.922 | AR8: 0 | AU8: RR = visit-specific missing prob calculated from Logistic
B9: x18 | C9: -7.9152 | D9: -7.935838 | E9: -0.020662514 | F9: 0.368164 | G9: 0.380006 | H9: 0.0321661 | I9: 0.0026104935 | J9: 0.959 | K9: 0 | M9: x18 | N9: -7.7764 | O9: -7.847447 | P9: -0.071018275 | Q9: 0.409615 | R9: 0.425323 | S9: 0.038348612 | T9: 0.0091325048 | U9: 0.954 | V9: 0 | X9: x18 | Y9: -7.92 | Z9: -7.933055 | AA9: -0.01788 | AB9: 0.002259 | AC9: 0.387802 | AD9: 0.380102 | AE9: -0.019856 | AF9: 0.944 | AG9: 0 | AI9: x18 | AJ9: -7.78 | AK9: -7.843348 | AL9: -0.06692 | AM9: 0.00861 | AN9: 0.439141 | AO9: 0.425033 | AP9: -0.03213 | AQ9: 0.947 | AR9: 0
B10: x6 | C10: 5.8681 | D10: 5.86332 | E10: -0.004818731 | F10: 0.023215 | G10: 0.023794 | H10: 0.024962937 | I10: -0.000821169 | J10: 0.945 | K10: 0 | M10: x6 | N10: 5.8644 | O10: 5.849212 | P10: -0.015198949 | Q10: 0.021322 | R10: 0.022303 | S10: 0.04598509 | T10: -0.002591726 | U10: 0.907 | V10: 0 | X10: x6 | Y10: 5.87 | Z10: 5.86195 | AA10: -0.006189 | AB10: -0.001055 | AC10: 0.022469 | AD10: 0.023747 | AE10: 0.056855 | AF10: 0.954 | AG10: 0 | AI10: x6 | AJ10: 5.86 | AK10: 5.847882 | AL10: -0.01653 | AM10: -0.00282 | AN10: 0.020714 | AO10: 0.022266 | AP10: 0.0749 | AQ10: 0.913 | AR10: 0
B11: y_bmi | C11: 0.0284 | D11: 0.028201 | E11: -0.000215268 | F11: 0.016195 | G11: 0.01748 | H11: 0.079313247 | I11: -0.007575453 | J11: 0.966 | K11: 0 | M11: y_bmi | N11: 0.0321 | O11: 0.041669 | P11: 0.009560187 | Q11: 0.013441 | R11: 0.015395 | S11: 0.14537335 | T11: 0.2977473 | U11: 0.936 | V11: 0 | X11: y_bmi | Y11: 0.03 | Z11: 0.029151 | AA11: 0.000735 | AB11: 0.025864 | AC11: 0.016104 | AD11: 0.017452 | AE11: 0.083742 | AF11: 0.972 | AG11: 0 | AI11: y_bmi | AJ11: 0.03 | AK11: 0.042574 | AL11: 0.01047 | AM11: 0.32593 | AN11: 0.013406 | AO11: 0.015396 | AP11: 0.14841 | AQ11: 0.935 | AR11: 0
A13: [NO MI] | B13: [2][PROC GENMOD][IND CORR][NO MI][RR_NRadj][bghhsub_s2] | J13: =INDEX('Method Codes'!$B:$B, MATCH(B13, 'Method Codes'!$I:$I,0)) -> IND | K13: =INDEX('Method Codes'!H:H, MATCH(B13, 'Method Codes'!I:I,0)) -> 2B | M13: [2][PROC GENMOD][EXCH CORR][NO MI][RR_NRadj][bghhsub_s2] | U13: =INDEX('Method Codes'!$B:$B, MATCH(M13, 'Method Codes'!$I:$I,0)) -> EXCH | V13: =INDEX('Method Codes'!$H:$H, MATCH(M13, 'Method Codes'!$I:$I,0)) -> 2B | X13: [2][PROC GENMOD][IND CORR][NO MI][RR_NRadj][bghhsub_s2][SUDAAN TRUE] | AI13: [2][PROC GENMOD][EXCH CORR][NO MI][RR_NRadj][bghhsub_s2][SUDAAN TRUE] | AS13: [NO MI] | AU13: 2
B14: Effect | C14: True Value | D14: Estimate | E14: Empirical Bias | F14: Relative Bias | G14: Empirical SE | H14: Estimated SE | I14: Relative SE difference | J14: Coverage | K14: P(reject H0) | M14: Effect | N14: True Value | O14: Estimate | P14: Empirical Bias | Q14: Relative Bias | R14: Empirical SE | S14: Estimated SE | T14: Relative SE difference | U14: Coverage | V14: P(reject H0) | X14: Effect | Y14: True Value | Z14: Estimate | AA14: Empirical Bias | AB14: Relative Bias | AC14: Empirical SE | AD14: Estimated SE | AE14: Relative SE difference | AF14: Coverage | AG14: P(reject H0) | AI14: Effect | AJ14: True Value | AK14: Estimate | AL14: Empirical Bias | AM14: Relative Bias | AN14: Empirical SE | AO14: Estimated SE | AP14: Relative SE difference | AQ14: Coverage | AR14: P(reject H0)
B15: Intercept | C15: {=_xlfn.LET( _xlpm.keyA, J13, _xlpm.keyB, K13, _xlpm.rowKeys, B15:B21, _xlpm.colKeys, C14:K14, _xlpm.data, 'Batch Output'!$C:$Z, _xlpm.rowMatch, _xlfn.XMATCH(_xlpm.rowKeys, 'Batch Output'!$C:$C), _xlpm.colMatch, _xlfn.XMATCH(_xlpm.colKeys, 'Batch Output'!$1:$1), _xlpm.batchMatchRows, _xlfn._xlws.FILTER(ROW('Batch Output'!$A:$A), ('Batch Output'!$A:$A=_xlpm.keyA)*('Batch Output'!$B:$B=_xlpm.keyB)), _xlpm.firstMatchRow, INDEX(_xlpm.batchMatchRows, 1), INDEX(_xlpm.data, _xlpm.rowMatch + _xlpm.firstMatchRow - 2, _xlpm.colMatch - 2) )} -> 107.0774 | D15: 108.67323 | E15: 1.5958193 | F15: 1.476021 | G15: 1.454262 | H15: -0.014741699 | I15: 0.014903418 | J15: 0.811 | K15: 1 | M15: Intercept | N15: {=_xlfn.LET( _xlpm.keyA, U13, _xlpm.keyB, V13, _xlpm.rowKeys, M15:M21, _xlpm.colKeys, N14:V14, _xlpm.data, 'Batch Output'!$C:$Z, _xlpm.rowMatch, _xlfn.XMATCH(_xlpm.rowKeys, 'Batch Output'!$C:$C), _xlpm.colMatch, _xlfn.XMATCH(_xlpm.colKeys, 'Batch Output'!$1:$1), _xlpm.batchMatchRows, _xlfn._xlws.FILTER(ROW('Batch Output'!$A:$A), ('Batch Output'!$A:$A=_xlpm.keyA)*('Batch Output'!$B:$B=_xlpm.keyB)), _xlpm.firstMatchRow, INDEX(_xlpm.batchMatchRows, 1), INDEX(_xlpm.data, _xlpm.rowMatch + _xlpm.firstMatchRow - 2, _xlpm.colMatch - 2) )} -> 106.8125 | O15: 110.28618 | P15: 3.4737228 | Q15: 1.400649 | R15: 1.381191 | S15: -0.013891937 | T15: 0.032521701 | U15: 0.297 | V15: 1 | X15: Intercept | Y15: 107.08 | Z15: 108.7161 | AA15: 1.63872 | AB15: 0.0153 | AC15: 1.4509 | AD15: 1.4536 | AE15: 0.001891 | AF15: 0.788 | AG15: 1 | AI15: Intercept | AJ15: 106.81 | AK15: 110.2912 | AL15: 3.47874 | AM15: 0.03257 | AN15: 1.3848 | AO15: 1.3808 | AP15: -0.002916 | AQ15: 0.29 | AR15: 1 | AU15: V1 weights in fitting step
B16: age_strat_new | C16: -4.7686 | D16: -4.643123 | E16: 0.12551847 | F16: 0.549384 | G16: 0.54798 | H16: -0.002554454 | I16: -0.02632164 | J16: 0.943 | K16: 1 | M16: age_strat_new | N16: -4.7993 | O16: -4.600877 | P16: 0.19840508 | Q16: 0.546428 | R16: 0.551869 | S16: 0.0099577473 | T16: -0.041340576 | U16: 0.94 | V16: 1 | X16: age_strat_new | Y16: -4.77 | Z16: -4.6093 | AA16: 0.15932 | AB16: -0.03341 | AC16: 0.5626 | AD16: 0.5473 | AE16: -0.027131 | AF16: 0.946 | AG16: 1 | AI16: age_strat_new | AJ16: -4.8 | AK16: -4.581 | AL16: 0.21832 | AM16: -0.04549 | AN16: 0.5663 | AO16: 0.5525 | AP16: -0.024279 | AQ16: 0.928 | AR16: 1
